,Title,Year,Rating,Link,Budget,Gross,Net,Date
0,  Bhool Bhulaiyaa,2007,7.4,/title/tt0995031/,,19073095.0,,2007-10-12
1,  Paranormal Activity,2007,6.3,/title/tt1179904/,15000.0,193355800.0,193340800.0,2009-10-16
2,  30 Days of Night,2007,6.6,/title/tt0389722/,30000000.0,75513170.0,45513170.0,2007-10-19
3,  Boogeyman 2,2007,5,/title/tt0900357/,4500000.0,1798418.0,-2701582.0,2008-01-08
4,  Saw IV,2007,5.9,/title/tt0890870/,10000000.0,139352633.0,129352633.0,2007-10-26
5,  No Smoking,2007,7.3,/title/tt0995740/,,797693.0,,2007-10-26
6,  Beowulf,2007,6.3,/title/tt0442933/,150000000.0,196393745.0,46393745.0,2007-11-16
7,  P2,2007,5.9,/title/tt0804516/,8000000.0,7766240.0,-233760.0,2007-11-09
8,  Gabriel,2007,5.5,/title/tt0857376/,136000.0,1395610.0,1259610.0,2007-11-15
9,  Sweeney Todd: The Demon Barber of Fleet Street,2007,7.3,/title/tt0408236/,50000000.0,153383627.0,103383627.0,2007-12-21
10,  Trick 'r Treat,2007,6.7,/title/tt0862856/,12000000.0,,,2015-11-27
11,  Kutsal Damacana,2007,5.1,/title/tt1092011/,2000000.0,4866495.0,2866495.0,2007-12-20
12,  Aliens vs. Predator: Requiem,2007,4.6,/title/tt0758730/,40000000.0,130290885.0,90290885.0,2007-12-25
13,  Eden Log,2007,5.2,/title/tt1087842/,2360800.0,157350.0,-2203450.0,2007-12-26
14,  One Missed Call,2008,4,/title/tt0479968/,20000000.0,45847751.0,25847751.0,2008-01-04
15,  Cloverfield,2008,7,/title/tt1060277/,25000000.0,172394180.0,147394180.0,2008-01-18
16,  The Oxford Murders,2008,6.1,/title/tt0488604/,10000000.0,17646627.0,7646627.0,2010-07-02
17,  The Broken,2008,5.4,/title/tt0906734/,4840000.0,1688551.0,-3151449.0,2008-11-26
18,  Baghead,2008,6,/title/tt0923600/,,140106.0,,2008-01-22
19,  Donkey Punch,2008,5.2,/title/tt0988849/,1089000.0,694422.0,-394578.0,2008-07-18
20,  Let the Right One In,2008,7.9,/title/tt1139797/,4000000.0,11227336.0,7227336.0,2008-12-12
21,  The Eye,2008,5.4,/title/tt0406759/,12000000.0,58010320.0,46010320.0,2008-02-01
22,  Dark Floors,2008,4.4,/title/tt0985025/,4472000.0,772687.0,-3699313.0,2008-02-08
23,  The Cottage,2008,6.1,/title/tt0465430/,3025000.0,1626080.0,-1398920.0,2008-03-14
24,  Zombie Strippers!,2008,4.1,/title/tt0960890/,,82360.0,,2008-09-19
25,  Otis,2008,6,/title/tt0996967/,,,,2008-03-07
26,  Dance of the Dead,2008,5.8,/title/tt0926063/,,,,2008-03-09
27,  Outpost,2008,5.8,/title/tt0892899/,300000.0,463377.0,163377.0,2008-03-11
28,  Shutter (I),2008,5.2,/title/tt0482599/,8000000.0,48555306.0,40555306.0,2008-03-21
29,  The Machine Girl,2008,5.9,/title/tt1050160/,,,,2008-05-23
30,  The Ruins,2008,5.9,/title/tt0963794/,8000000.0,22818256.0,14818256.0,2008-04-04
31,  Prom Night (I),2008,3.9,/title/tt0926129/,20000000.0,57197876.0,37197876.0,2008-04-11
32,  The Objective,2008,5.4,/title/tt0962711/,4000000.0,95.0,-3999905.0,2008-04-24
33,  From Within,2008,5.6,/title/tt1063056/,,228014.0,,2009-06-03
34,  Dying Breed,2008,5.3,/title/tt1064744/,2040000.0000000002,370294.0,-1669706.0000000002,2008-11-06
35,  Bhoothnath,2008,6.3,/title/tt0991346/,,13236817.0,,2008-05-09
36,  The Midnight Meat Train,2008,6,/title/tt0805570/,15000000.0,3534313.0,-11465687.0,2008-10-31
37,  The Strangers,2008,6.1,/title/tt0482606/,9000000.0,82410456.0,73410456.0,2008-05-30
38,  Tokyo Gore Police,2008,5.9,/title/tt1183732/,,,,2008-10-03
39,  Martyrs,2008,7,/title/tt1029234/,3525600.0,1149138.0,-2376462.0,2008-09-03
40,  Lake Mungo,2008,6.3,/title/tt0816556/,952000.0000000001,8128.0,-943872.0000000001,2008-06-18
41,  Hellboy II: The Golden Army,2008,7,/title/tt0411477/,85000000.0,168319243.0,83319243.0,2008-07-11
42,  Babysitter Wanted,2008,5.4,/title/tt0819755/,,,,2009-02-06
43,  The Echo (I),2008,5.5,/title/tt0897347/,5000000.0,1508127.0,-3491873.0,2009-05-28
44,  Repo! The Genetic Opera,2008,6.4,/title/tt0963194/,8500000.0,188126.0,-8311874.0,2008-11-20
45,  The X Files: I Want to Believe,2008,5.9,/title/tt0443701/,30000000.0,69363381.0,39363381.0,2008-07-25
46,  The Mummy: Tomb of the Dragon Emperor,2008,5.2,/title/tt0859163/,145000000.0,403449830.0,258449830.0,2008-08-01
47,  100 Feet,2008,5.5,/title/tt0899128/,10000000.0,1415804.0,-8584196.0,2008-07-24
48,  Dorothy Mills,2008,6,/title/tt1034306/,500000.0,2682733.0,2182733.0,2008-08-06
49,  Eden Lake,2008,6.7,/title/tt1020530/,,3984669.0,,2008-09-12
50,  Mirrors (I),2008,6.1,/title/tt0790686/,35000000.0,78094714.0,43094714.0,2008-08-15
51,  Hush (V),2008,6,/title/tt1093369/,1210000.0,288667.0,-921333.0,2009-03-13
52,  Mum & Dad,2008,5.9,/title/tt1129428/,121000.0,2698.0,-118302.0,2008-12-26
53,  Autopsy,2008,5,/title/tt0443435/,2000000.0,115800.0,-1884200.0,2009-06-25
54,  Vinyan,2008,5.3,/title/tt1029241/,4264000.0,156944.0,-4107056.0,2008-10-01
55,  Sauna,2008,6.2,/title/tt1124394/,967906.16,192492.0,-775414.16,2008-10-24
56,  Deadgirl,2008,5.5,/title/tt0896534/,,,,2013-04-20
57,  Pontypool,2008,6.5,/title/tt1226681/,950000.0,32118.0,-917882.0,2009-09-18
58,  The Burrowers,2008,5.7,/title/tt0445939/,7000000.0,,,2008-09-21
59,  Igor,2008,5.9,/title/tt0465502/,25000000.0,30893885.0,5893885.0,2008-09-19
60,  Alien Raiders,2008,5.6,/title/tt0996979/,,,,2008-09-21
61,  Amusement,2008,4.9,/title/tt0476958/,10000000.0,170255.0,-9829745.0,2008-10-09
62,  Nature's Grave,2008,5.1,/title/tt1098356/,,,,2009-08-04
63,  I Sell the Dead,2008,6,/title/tt0902290/,750000.0,8050.0,-741950.0,2009-01-16
64,  Quarantine,2008,5.9,/title/tt1082868/,12000000.0,41319906.0,29319906.0,2008-10-10
65,  Cold Prey 2,2008,6.1,/title/tt1188990/,,3517248.0,,2008-10-10
66,  Train (I),2008,4.7,/title/tt1015474/,,,,2009-05-02
67,  Resident Evil: Degeneration,2008,6.4,/title/tt1174954/,,403117.0,,2008-10-18
68,  Saw V,2008,5.8,/title/tt1132626/,10800000.0,113864059.0,103064059.0,2008-10-24
69,  Vacancy 2: The First Cut,2008,4.9,/title/tt1204979/,3000000.0,,,2009-01-20
70,  Splinter (I),2008,6.1,/title/tt1031280/,,522497.0,,2009-04-03
71,  The Haunting of Molly Hartley,2008,3.9,/title/tt1045655/,5000000.0,15418749.0,10418749.0,2008-10-31
72,  House,2008,4.5,/title/tt0837796/,2500000.0,1141018.0,-1358982.0,2008-11-07
73,  The Children,2008,5.9,/title/tt1172571/,,1300051.0,,2008-12-05
74,  Kandisha,2008,6.5,/title/tt1033483/,3500000.0,,,2015-04-05
75,  Kill Theory,2009,5.3,/title/tt0893532/,6000000.0,397941.0,-5602059.0,2009-01-08
76,  My Bloody Valentine,2009,5.4,/title/tt1179891/,15000000.0,100734718.0,85734718.0,2009-01-16
77,  The Unborn,2009,4.7,/title/tt1139668/,16000000.0,76514050.0,60514050.0,2009-01-09
78,  Dead Snow,2009,6.3,/title/tt1278340/,800000.0,2166797.0,1366797.0,2009-01-09
79,  Grace (III),2009,5.2,/title/tt1220213/,5000000.0,8297.0,-4991703.0,2009-09-15
80,  Grotesque,2009,4.7,/title/tt1352369/,,,,2009-05-17
81,  The Uninvited,2009,6.3,/title/tt0815245/,,41633384.0,,2009-01-30
82,  Friday the 13th,2009,5.5,/title/tt0758746/,19000000.0,91509154.0,72509154.0,2009-02-13
83,  Walled In,2009,4.7,/title/tt1104006/,6000000.0,270888.0,-5729112.0,2009-06-19
84,  13B: Fear Has a New Address,2009,7.3,/title/tt1385824/,,2482072.0,,2009-03-06
85,  Book of Blood,2009,5.2,/title/tt1169809/,6000000.0,567723.0,-5432277.0,2009-05-08
86,  The Last House on the Left,2009,6.5,/title/tt0844708/,15000000.0,45995223.0,30995223.0,2009-03-13
87,  Drag Me to Hell,2009,6.6,/title/tt1127180/,30000000.0,90842646.0,60842646.0,2009-05-29
88,  Vampire Killers,2009,5.1,/title/tt1020885/,,3276702.0,,2009-03-20
89,  Laid to Rest,2009,5.2,/title/tt1228933/,,,,2009-03-18
90,  The Haunting in Connecticut,2009,5.8,/title/tt0492044/,10000000.0,77578320.0,67578320.0,2009-03-27
91,  Blood: The Last Vampire,2009,5.2,/title/tt0806027/,30000000.0,5874530.0,-24125470.0,2009-06-04
92,  Night Train (I),2009,5.7,/title/tt1020055/,,,,2009-07-07
93,  Tell Tale,2009,5.4,/title/tt1135095/,12000000.0,367586.0,-11632414.0,2009-12-31
94,  The House of the Devil,2009,6.3,/title/tt1172994/,900000.0,101215.0,-798785.0,2009-04-25
95,  Thirst,2009,7.1,/title/tt0762073/,5000000.0,13085023.0,8085023.0,2009-04-30
96,  The Grudge 3,2009,4.6,/title/tt1053859/,5000000.0,1869127.0,-3130873.0,2009-06-02
97,  Hunger (I),2009,5.2,/title/tt1176252/,625000.0,,,2009-05-15
98,  Don't Look Back,2009,5.8,/title/tt1075113/,13520000.0,2651917.0,-10868083.0,2009-06-03
99,  Antichrist,2009,6.5,/title/tt0870984/,11000000.0,7413863.0,-3586137.0,2009-05-20
100,  Tormented (I),2009,5.1,/title/tt1100053/,847000.0,1362653.0,515653.0,2009-05-22
101,  The Devil's Tomb,2009,3.7,/title/tt1147687/,10000000.0,220925.0,-9779075.0,2009-10-24
102,  The Hills Run Red,2009,5.4,/title/tt0907676/,,,,2009-09-29
103,  Doghouse,2009,6,/title/tt1023500/,4000000.0,179836.0,-3820164.0,2009-06-12
104,  High Lane,2009,5.6,/title/tt1433562/,2464800.0,2141798.0,-323002.0,2009-06-24
105,  Exam,2009,6.8,/title/tt1258197/,,394717.0,,2010-06-17
106,  Infestation,2009,5.8,/title/tt1020543/,3500000.0,36756.0,-3463244.0,2009-11-28
107,  Dread,2009,5.6,/title/tt1331307/,,97438.0,,2009-10-30
108,  Possession (I),2009,5.5,/title/tt0368563/,,694193.0,,2009-07-16
109,  Orphan,2009,7,/title/tt1148204/,20000000.0,77912251.0,57912251.0,2009-07-24
110,  The Collector (I),2009,6.3,/title/tt0844479/,6000000.0,10234475.0,4234475.0,2009-07-31
111,  Case 39,2009,6.2,/title/tt0795351/,26000000.0,28190603.0,2190603.0,2010-10-01
112,  The Revenant (I),2009,6.3,/title/tt1336006/,,,,2012-08-24
113,  Cabin Fever 2: Spring Fever,2009,4.3,/title/tt0961722/,5000000.0,,,2009-09-23
114,  The Descent: Part 2,2009,5.7,/title/tt1073105/,,7048886.0,,2009-12-02
115,  Forget Me Not (II),2009,5.1,/title/tt1147684/,1300000.0,,,2011-08-03
116,  The Final Destination,2009,5.1,/title/tt1144884/,40000000.0,186167139.0,146167139.0,2009-08-28
117,  The Horde,2009,5.9,/title/tt1183276/,2964000.0,,,2010-02-10
118,  Halloween II,2009,4.8,/title/tt1311067/,15000000.0,39421467.0,24421467.0,2009-08-28
119,  The Thaw,2009,5.2,/title/tt1235448/,,149857.0,,2010-09-29
120,  Night of the Demons,2009,4.6,/title/tt1268809/,10000000.0,64040.0,-9935960.0,2011-05-26
121,  The Human Centipede (First Sequence),2009,4.4,/title/tt1467304/,1560000.0,325113.0,-1234887.0,2010-04-28
122,  Heartless (I),2009,5.9,/title/tt1220214/,5000000.0,20435.0,-4979565.0,2010-11-19
123,  [Rec]²,2009,6.5,/title/tt1245112/,5600000.0,18853164.0,13253164.0,2009-10-02
124,  Survival of the Dead,2009,4.8,/title/tt1134854/,4000000.0,386078.0,-3613922.0,2010-05-06
125,  Sorority Row,2009,5.1,/title/tt1232783/,12500000.0,27206120.0,14706120.0,2009-09-11
126,  Jennifer's Body,2009,5.4,/title/tt1131734/,16000000.0,31556061.0,15556061.0,2009-09-18
127,  Daybreakers,2009,6.4,/title/tt0433362/,20000000.0,51417188.0,31417188.0,2010-01-08
128,  The Loved Ones,2009,6.6,/title/tt1316536/,,358399.0,,2010-11-04
129,  Solomon Kane,2009,6.1,/title/tt0970452/,45000000.0,19652185.0,-25347815.0,2012-08-24
130,  Blood Creek,2009,5.3,/title/tt0450336/,,211398.0,,2009-10-09
131,  Amer,2009,6.1,/title/tt1426352/,915200.0,,,2010-03-03
132,  Zombieland,2009,7.6,/title/tt1156398/,23600000.0,102392080.0,78792080.0,2009-10-02
133,  Pandorum,2009,6.7,/title/tt1188729/,33000000.0,20648328.0,-12351672.0,2009-09-25
134,  Wake Wood,2009,5.5,/title/tt1296899/,,10342.0,,2011-03-25
135,  Deadline (I),2009,4.6,/title/tt1242618/,1800000.0,,,2010-01-29
136,  Splice,2009,5.8,/title/tt1017460/,30000000.0,27127620.0,-2872380.0,2010-06-04
137,  Where the Wild Things Are,2009,6.7,/title/tt0386117/,100000000.0,100140916.0,140916.0,2009-10-16
138,  Stan Helsing,2009,3.5,/title/tt1185266/,,1475003.0,,2010-03-25
139,  Saw VI,2009,6,/title/tt1233227/,11000000.0,68234154.0,57234154.0,2009-10-23
140,  The Fourth Kind,2009,5.9,/title/tt1220198/,10000000.0,47719794.0,37719794.0,2009-11-06
141,  Nine Dead,2009,5.4,/title/tt0959329/,2000000.0,,,2009-11-06
142,  The New Daughter,2009,5.3,/title/tt0951335/,15000000.0,579626.0,-14420374.0,2010-10-07
143,  Rammbock: Berlin Undead,2010,6.3,/title/tt1583356/,,12699.0,,2011-05-04
144,  Legion,2010,5.2,/title/tt1038686/,26000000.0,67918658.0,41918658.0,2010-01-22
145,  7 Days,2010,6.5,/title/tt0445054/,2550000.0,1259.0,-2548741.0,2010-11-12
146,  Tucker and Dale vs Evil,2010,7.5,/title/tt1465522/,,5224938.0,,2010-12-09
147,  Where? Wolf?,2010,2.9,/title/tt1570619/,,5073304.0,,2010-01-22
148,  YellowBrickRoad,2010,4.7,/title/tt1398428/,500000.0,,,2010-01-23
149,  The Wolfman,2010,5.8,/title/tt0780653/,150000000.0,139789765.0,-10210235.0,2010-02-12
150,  The Final (I),2010,5.3,/title/tt1390535/,1000000.0,28491.0,-971509.0,2013-02-07
151,  Dante's Inferno: An Animated Epic,2010,6.5,/title/tt1401113/,,,,2010-02-09
152,  The Crazies,2010,6.5,/title/tt0455407/,20000000.0,54806823.0,34806823.0,2010-02-26
153,  Birdemic: Shock and Terror,2010,1.7,/title/tt1316037/,10000.0,,,2010-02-27
154,  A Serbian Film,2010,5,/title/tt1273235/,,1541.0,,2010-06-16
155,  6 Souls,2010,6,/title/tt1179069/,22000000.0,3205167.0,-18794833.0,2013-03-01
156,  Dream Home,2010,6.6,/title/tt1407972/,,383158.0,,2010-05-13
157,  A Nightmare on Elm Street,2010,5.2,/title/tt1179056/,35000000.0,115695182.0,80695182.0,2010-04-30
158,  I Spit on Your Grave,2010,6.2,/title/tt1242432/,2000000.0,1278650.0,-721350.0,2010-06-17
159,  Chatroom,2010,5.4,/title/tt1319704/,,683912.0,,2010-12-22
160,  Bedevilled,2010,7.3,/title/tt1646959/,700000.0,1129687.0,429687.0,2010-09-02
161,  Rubber,2010,5.7,/title/tt1612774/,500000.0,101729.0,-398271.0,2010-11-10
162,  La casa muda,2010,5.3,/title/tt1646973/,6000.0,1149327.0,1143327.0,2011-03-04
163,  The Reef,2010,5.8,/title/tt1320291/,,67753.0,,2011-03-17
164,  Black Death,2010,6.4,/title/tt1181791/,,382879.0,,2010-06-11
165,  The Last Exorcism,2010,5.7,/title/tt1320244/,1800000.0,69432527.0,67632527.0,2010-08-27
166,  Bereavement,2010,5,/title/tt1100051/,3600000.0,43712.0,-3556288.0,2010-07-16
167,  The Clinic (II),2010,5.3,/title/tt1345772/,,,,2012-07-25
168,  The Shrine,2010,5.5,/title/tt1341710/,1125000.0,102344.0,-1022656.0,2010-10-14
169,  Rare Exports,2010,6.6,/title/tt1401143/,2025920.0,4087363.0,2061443.0,2010-12-03
170,  Burning Bright,2010,5.8,/title/tt1244658/,,58147.0,,2012-05-02
171,  Vampires Suck,2010,3.4,/title/tt1666186/,20000000.0,80547866.0,60547866.0,2010-08-18
172,  Piranha 3D,2010,5.5,/title/tt0464154/,24000000.0,83188165.0,59188165.0,2010-08-20
173,  Devil's Playground,2010,5.1,/title/tt1453245/,2400000.0,,,2011-09-25
174,  Hatchet II,2010,5.4,/title/tt1270835/,800000.0,156190.0,-643810.0,2010-11-25
175,  Primal,2010,4.8,/title/tt1438534/,,,,2010-09-23
176,  The Tortured,2010,5.4,/title/tt1017464/,8500000.0,319421.0,-8180579.0,2012-09-28
177,  The Dead,2010,5.7,/title/tt1386925/,,4891.0,,2011-10-01
178,  Resident Evil: Afterlife,2010,5.8,/title/tt1220634/,60000000.0,300228084.0,240228084.0,2010-09-10
179,  The Last Circus,2010,6.5,/title/tt1572491/,7280000.0,3604598.0,-3675402.0,2010-12-17
180,  Los ojos de Julia,2010,6.7,/title/tt1512685/,5200000.0,16934369.0,11734369.0,2010-10-29
181,  Vanishing on 7th Street,2010,4.9,/title/tt1452628/,10000000.0,1671196.0,-8328804.0,2011-02-05
182,  Let Me In (I),2010,7.1,/title/tt1228987/,20000000.0,27093592.0,7093592.0,2010-10-01
183,  The Ward,2010,5.5,/title/tt1369706/,10000000.0,5343820.0,-4656180.0,2011-07-08
184,  Insidious (I),2010,6.8,/title/tt1591095/,1500000.0,100106454.0,98606454.0,2011-04-01
185,  Devil,2010,6.3,/title/tt1314655/,10000000.0,62695489.0,52695489.0,2010-09-17
186,  Stake Land,2010,6.4,/title/tt1464580/,650000.0,405380.0,-244620.0,2011-06-17
187,  Chain Letter,2010,4.1,/title/tt1148200/,3000000.0,855185.0,-2144815.0,2010-11-11
188,  Mother's Day (I),2010,6.2,/title/tt1434435/,11000000.0,863044.0,-10136956.0,2011-05-05
189,  Kidnapped,2010,6.4,/title/tt1629377/,,969024.0,,2011-02-25
190,  Altitude,2010,4.8,/title/tt1407049/,,,,2010-10-10
191,  My Soul to Take,2010,4.7,/title/tt0872230/,25000000.0,21500813.0,-3499187.0,2010-10-08
192,  We Are the Night,2010,6.2,/title/tt1692504/,6760000.0,2405336.0,-4354664.0,2010-10-28
193,  Atrocious,2010,5,/title/tt1734067/,,4472.0,,2011-08-17
194,  Paranormal Activity 2,2010,5.7,/title/tt1536044/,3000000.0,177512032.0,174512032.0,2010-10-22
195,  Saw 3D,2010,5.5,/title/tt1477076/,20000000.0,136151680.0,116151680.0,2010-10-29
196,  Trollhunter,2010,6.9,/title/tt1740707/,1990000.0,5341098.0,3351098.0,2010-10-29
197,  Saint,2010,5.6,/title/tt1167675/,,3797890.0,,2011-12-18
198,  Don't Be Afraid of the Dark,2010,5.5,/title/tt1270761/,25000000.0,38269529.0,13269529.0,2011-08-26
199,  Victim (I),2010,5.9,/title/tt0918575/,1000000.0,,,2010-11-17
200,  Paranormal Activity 2: Tokyo Night,2010,5.1,/title/tt1728179/,,475320.0,,2010-11-20
201,  Gantz,2010,6.4,/title/tt1525835/,22000000.0,40568961.0,18568961.0,2011-01-29
202,  Beyond the Black Rainbow,2010,5.9,/title/tt1534085/,825000.0,56491.0,-768509.0,2011-04-22
203,  And Soon the Darkness,2010,5.1,/title/tt1391034/,,177182.0,,2017-03-27
204,  Dylan Dog: Dead of Night,2010,5.1,/title/tt1013860/,20000000.0,5782515.0,-14217485.0,2011-04-29
205,  Hobo with a Shotgun,2011,6.1,/title/tt1640459/,3000000.0,748453.0,-2251547.0,2011-05-12
206,  Silent House,2011,5.2,/title/tt1767382/,2000000.0,16527747.0,14527747.0,2012-03-09
207,  Red State,2011,6.1,/title/tt0873886/,4000000.0,1874460.0,-2125540.0,2011-09-30
208,  The Woman (I),2011,6,/title/tt1714208/,,1449.0,,2011-08-18
209,  Take Shelter,2011,7.3,/title/tt1675192/,5000000.0,3741098.0,-1258902.0,2011-11-10
210,  The Rite,2011,6,/title/tt1161864/,37000000.0,96560591.0,59560591.0,2011-01-28
211,  Quarantine 2: Terminal,2011,5.2,/title/tt1699231/,4000000.0,,,2011-06-17
212,  Husk,2011,5.1,/title/tt1504403/,382262.0,,,2011-11-24
213,  Seconds Apart,2011,5.6,/title/tt1601475/,,1137.0,,2011-07-07
214,  The Roommate (I),2011,4.8,/title/tt1265990/,16000000.0,40492652.0,24492652.0,2011-02-04
215,  The Resident,2011,5.3,/title/tt1334102/,20000000.0,6742156.0,-13257844.0,2011-03-11
216,  Absentia (I),2011,5.8,/title/tt1610996/,70000.0,8555.0,-61445.0,2013-04-11
217,  Red Riding Hood,2011,5.4,/title/tt1486185/,42000000.0,90260376.0,48260376.0,2011-03-11
218,  The Innkeepers,2011,5.5,/title/tt1594562/,750000.0,1178831.0,428831.0,2011-03-12
219,  Kill List,2011,6.4,/title/tt1788391/,605000.0,450275.0,-154725.0,2011-09-02
220,  The Divide,2011,5.8,/title/tt1535616/,3000000.0,145676.0,-2854324.0,2012-04-20
221,  Detention,2011,5.6,/title/tt1701990/,10000000.0,,,2012-04-13
222,  Hellraiser: Revelations,2011,2.7,/title/tt1716747/,350000.0,,,2011-10-18
223,  Scream 4,2011,6.2,/title/tt1262416/,40000000.0,97231420.0,57231420.0,2011-04-15
224,  The Caller,2011,6,/title/tt1525890/,,229746.0,,2013-02-22
225,  Grave Encounters,2011,6.1,/title/tt1703199/,75000.0,4055919.0,3980919.0,2011-09-09
226,  Priest,2011,5.7,/title/tt0822847/,60000000.0,78309505.0,18309505.0,2011-05-13
227,  Deadheads,2011,5.3,/title/tt1273207/,,,,2011-04-29
228,  Megan Is Missing,2011,4.6,/title/tt1087461/,,,,2011-05-25
229,  BloodRayne: The Third Reich,2011,3,/title/tt1153546/,10000000.0,,,2012-03-17
230,  Guilty of Romance,2011,6.8,/title/tt1743724/,,246091.0,,2011-11-12
231,  The Skin I Live In,2011,7.6,/title/tt1189073/,10403030.56,33716389.0,23313358.439999998,2011-09-02
232,  The Tunnel (I),2011,5.8,/title/tt1735485/,135000.0,1532.0,-133468.0,2011-05-19
233,  Hell,2011,5.9,/title/tt1643222/,,1359257.0,,2012-07-10
234,  Murder 2,2011,6.3,/title/tt1918965/,,9078349.0,,2011-07-08
235,  Retreat (I),2011,5.8,/title/tt1410051/,,4498.0,,2012-04-26
236,  Hollow (I),2011,5.4,/title/tt1869470/,,,,2013-02-19
237,  Final Destination 5,2011,5.9,/title/tt1622979/,40000000.0,157887643.0,117887643.0,2011-08-12
238,  Fright Night,2011,6.4,/title/tt1438176/,30000000.0,41002607.0,11002607.0,2011-08-19
239,  Vile,2011,4.9,/title/tt1711018/,,,,2012-07-24
240,  Panic Button,2011,5.3,/title/tt1727358/,363000.0,,,
241,  Inbred,2011,5.3,/title/tt1723124/,1512500.0,24.0,-1512476.0,2012-09-21
242,  Shark Night,2011,4,/title/tt1633356/,25000000.0,41363927.0,16363927.0,2011-09-02
243,  Apollo 18,2011,5.2,/title/tt1772240/,5000000.0,26236153.0,21236153.0,2011-09-02
244,  247°F,2011,4.8,/title/tt1877543/,650000.0,,,2011-09-01
245,  The Moth Diaries,2011,4.9,/title/tt1407065/,,413035.0,,2012-05-17
246,  Juan of the Dead,2011,6.4,/title/tt1838571/,,324834.0,,2012-01-13
247,  You're Next,2011,6.6,/title/tt1853739/,1000000.0,26895481.0,25895481.0,2013-08-23
248,  Livid,2011,5.7,/title/tt1727516/,2485600.0,,,2022-03-01
249,  Twixt,2011,4.7,/title/tt1756851/,7000000.0,647839.0,-6352161.0,2012-04-11
250,  Intruders (I),2011,5.4,/title/tt1634121/,10400000.0,5486559.0,-4913441.0,2011-10-07
251,  Lovely Molly,2011,5.3,/title/tt1707392/,1000000.0,638274.0,-361726.0,2012-06-29
252,  The Awakening (I),2011,6.4,/title/tt1687901/,3630000.0,6879667.0,3249667.0,2011-11-11
253,  The Day (I),2011,5.2,/title/tt1756799/,,80848.0,,2012-09-20
254,  The Hidden Face,2011,7.3,/title/tt1772250/,2600000.0,6318409.0,3718409.0,2011-09-16
255,  The Human Centipede 2 (Full Sequence),2011,3.8,/title/tt1530509/,,170323.0,,2011-11-25
256,  Sleep Tight,2011,7.2,/title/tt1437358/,5000000.0,8791590.0,3791590.0,2011-10-14
257,  The Monitor,2011,5.7,/title/tt1595833/,2500000.0,1417397.0,-1082603.0,2011-10-07
258,  The Thing (I),2011,6.2,/title/tt0905372/,38000000.0,31505287.0,-6494713.0,2011-10-14
259,  Apartment 143,2011,5,/title/tt1757742/,,4144297.0,,2012-05-04
260,  Paranormal Activity 3,2011,5.8,/title/tt1778304/,5000000.0,207039844.0,202039844.0,2011-10-21
261,  Beneath the Darkness,2011,4.5,/title/tt1781775/,7300000.0,23998.0,-7276002.0,2012-03-22
262,  11-11-11,2011,3.9,/title/tt1712159/,,6963872.0,,2011-11-03
263,  The Cabin in the Woods,2011,7,/title/tt1259521/,30000000.0,70038838.0,40038838.0,2012-04-13
264,  The Darkest Hour,2011,4.9,/title/tt1093357/,30000000.0,64626786.0,34626786.0,2011-12-25
265,  The Devil Inside,2012,4.2,/title/tt1560985/,1000000.0,101758490.0,100758490.0,2012-01-06
266,  Sand Sharks,2012,2.6,/title/tt1844770/,,,,2012-07-31
267,  Elevator (V),2012,5.3,/title/tt1728975/,200000.0,14221.0,-185779.0,2012-01-20
268,  Underworld: Awakening,2012,6.3,/title/tt1496025/,70000000.0,160112671.0,90112671.0,2012-01-20
269,  The Pact (II),2012,5.7,/title/tt2040560/,400000.0,5664404.0,5264404.0,2012-06-08
270,  Black Rock,2012,4.8,/title/tt1930294/,,175682.0,,2013-05-17
271,  Excision,2012,6.1,/title/tt1984153/,,2757.0,,2012-11-02
272,  V/H/S,2012,5.8,/title/tt2105044/,242000.0,1944287.0,1702287.0,2012-09-06
273,  Grabbers,2012,6.3,/title/tt1525366/,4840000.0,427335.0,-4412665.0,2012-08-10
274,  John Dies at the End,2012,6.3,/title/tt1783732/,,141951.0,,2012-12-27
275,  The Woman in Black,2012,6.4,/title/tt1596365/,17000000.0,128955898.0,111955898.0,2012-02-03
276,  Thale,2012,5.5,/title/tt2112287/,1200000.0,296500.0,-903500.0,2012-02-17
277,  Berserk: The Golden Age Arc I - The Egg of the King,2012,7.5,/title/tt2210479/,,2152610.0,,2012-04-26
278,  ATM (I),2012,4.7,/title/tt1603257/,3000000.0,921752.0,-2078248.0,2012-03-02
279,  [REC] 3: Genesis,2012,5,/title/tt1649444/,6400000.0,11019975.0,4619975.0,2012-03-30
280,  Citadel (I),2012,5.4,/title/tt1641975/,,141886.0,,2013-03-01
281,  Sinister (I),2012,6.8,/title/tt1922777/,3000000.0,82515113.0,79515113.0,2012-10-12
282,  Evidence (III),2012,5,/title/tt1640218/,12464.0,,,2012-09-27
283,  The Tall Man,2012,5.9,/title/tt1658837/,15600000.0,7462847.0,-8137153.0,2012-09-05
284,  In Their Skin,2012,5.3,/title/tt1790869/,4000000.0,106919.0,-3893081.0,2012-11-09
285,  Resolution (III),2012,6.3,/title/tt1977895/,,,,2013-01-23
286,  Outpost: Black Sun,2012,4.9,/title/tt1418712/,3000000.0,,,
287,  Dark Shadows,2012,6.2,/title/tt1077368/,150000000.0,245527149.0,95527149.0,2012-05-11
288,  Piranha 3DD,2012,3.8,/title/tt1714203/,5000000.0,8518634.0,3518634.0,2012-05-11
289,  Antiviral,2012,5.7,/title/tt2099556/,2400000.0,61808.0,-2338192.0,2013-02-13
290,  Stitches (I),2012,5.7,/title/tt2126362/,,63555.0,,2012-10-26
291,  Sightseers,2012,6.5,/title/tt2023690/,1573000.0,2122909.0,549909.0,2013-05-10
292,  Chernobyl Diaries,2012,5,/title/tt1991245/,1000000.0,38390020.0,37390020.0,2012-05-25
293,  Maniac,2012,6.1,/title/tt2103217/,6000000.0,2631275.0,-3368725.0,2013-01-02
294,  A Fantastic Fear of Everything,2012,5.8,/title/tt2006040/,1815000.0,96948.0,-1718052.0,2012-06-08
295,  Abraham Lincoln: Vampire Hunter,2012,5.9,/title/tt1611224/,69000000.0,116471580.0,47471580.0,2012-06-22
296,  Berserk: The Golden Age Arc II - The Battle for Doldrey,2012,7.7,/title/tt2358911/,,,,2012-06-23
297,  Berberian Sound Studio,2012,6.2,/title/tt1833844/,,312757.0,,2012-08-31
298,  Storage 24,2012,4.5,/title/tt1986953/,,646175.0,,2012-06-29
299,  Chained (I),2012,6.4,/title/tt1989475/,,77839.0,,2013-07-18
300,  Truth or Die (II),2012,5.6,/title/tt1838722/,1000000.0,2504058.0,1504058.0,2012-08-06
301,  The Dinosaur Project,2012,4.6,/title/tt1907779/,,2412576.0,,2012-08-10
302,  Cockneys vs Zombies,2012,5.9,/title/tt1362058/,,107348.0,,2013-08-02
303,  The Apparition,2012,4.1,/title/tt1433822/,17000000.0,11350665.0,-5649335.0,2012-08-24
304,  The Seasoning House,2012,6.1,/title/tt1555093/,1028500.0,,,2013-06-21
305,  Universal Soldier: Day of Reckoning,2012,5,/title/tt1659343/,10000000.0,1402307.0,-8597693.0,2012-10-25
306,  After (I),2012,5.4,/title/tt1799508/,650000.0,,,2012-09-14
307,  It's Such a Beautiful Day,2012,8.2,/title/tt2396224/,,,,2016-05-21
308,  Vamps,2012,5.2,/title/tt1545106/,16000000.0,92748.0,-15907252.0,2012-11-02
309,  American Mary,2012,6.2,/title/tt1959332/,,,,2013-01-11
310,  The Possession (I),2012,5.9,/title/tt0431021/,14000000.0,85446075.0,71446075.0,2012-08-31
311,  Resident Evil: Retribution,2012,5.3,/title/tt1855325/,65000000.0,240159255.0,175159255.0,2012-09-14
312,  Bait (III),2012,5.2,/title/tt1438173/,20400000.0,33492566.0,13092566.0,2012-09-20
313,  Hotel Transylvania,2012,7,/title/tt0837562/,85000000.0,358375603.0,273375603.0,2012-09-28
314,  No One Lives,2012,5.9,/title/tt1763264/,2900000.0,1048704.0,-1851296.0,2013-05-10
315,  Byzantium,2012,6.5,/title/tt1531901/,9680000.0,828284.0,-8851716.0,2013-05-31
316,  The Lords of Salem,2012,5.2,/title/tt1731697/,1500000.0,1544989.0,44989.0,2013-04-18
317,  Aftershock,2012,4.8,/title/tt1780762/,2000000.0,294696.0,-1705304.0,2014-06-12
318,  The Bay (II),2012,5.7,/title/tt1713476/,,1581252.0,,2012-11-21
319,  The ABCs of Death,2012,4.7,/title/tt1935896/,,23589.0,,2013-04-26
320,  Frankenweenie,2012,6.9,/title/tt1142977/,39000000.0,84247681.0,45247681.0,2012-10-05
321,  House at the End of the Street,2012,5.5,/title/tt1582507/,10000000.0,44287131.0,34287131.0,2012-09-21
322,  The Collection (II),2012,6.1,/title/tt1748227/,7500000.0,9929706.0,2429706.0,2012-11-30
323,  The Conspiracy,2012,6.3,/title/tt2330322/,1500000.0,,,2013-08-08
324,  Resident Evil: Damnation,2012,6.4,/title/tt1753496/,,2325035.0,,2012-10-27
325,  Kiss of the Damned,2012,5.5,/title/tt1959438/,,14752.0,,2013-03-28
326,  Grave Encounters 2,2012,5.1,/title/tt2231554/,1400000.0,1552486.0,152486.0,2012-10-02
327,  Gallowwalkers,2012,3.6,/title/tt0829176/,17000000.0,141696.0,-16858304.0,2014-03-15
328,  Smiley,2012,3.4,/title/tt2025667/,,,,2012-10-12
329,  The Battery,2012,6.3,/title/tt2272350/,6000.0,,,2013-06-04
330,  Would You Rather,2012,5.7,/title/tt1999995/,,,,2019-06-06
331,  Paranormal Activity 4,2012,4.6,/title/tt2109184/,5000000.0,142802657.0,137802657.0,2012-10-19
332,  Pizza (II),2012,8,/title/tt2585562/,183000.0,,,2012-10-19
333,  Silent Hill: Revelation,2012,4.9,/title/tt0938330/,20000000.0,55362705.0,35362705.0,2012-10-26
334,  Lesson of the Evil,2012,6.6,/title/tt2294473/,,26167224.0,,2012-11-10
335,  Silent Night (I),2012,5.2,/title/tt2347497/,5000000.0,130781.0,-4869219.0,2012-12-04
336,  Apartment 1303 3D,2012,2.5,/title/tt1540767/,5000000.0,3377891.0,-1622109.0,2013-07-25
337,  Texas Chainsaw,2013,4.8,/title/tt1572315/,20000000.0,47340586.0,27340586.0,2013-01-04
338,  A Haunted House,2013,5,/title/tt2243537/,2500000.0,60159584.0,57659584.0,2013-01-11
339,  Warm Bodies,2013,6.8,/title/tt1588173/,35000000.0,116980662.0,81980662.0,2013-02-01
340,  Hansel & Gretel: Witch Hunters,2013,6.1,/title/tt1428538/,50000000.0,226349749.0,176349749.0,2013-01-25
341,  Mama (I),2013,6.2,/title/tt2023587/,15000000.0,146428180.0,131428180.0,2013-01-18
342,  Escape from Tomorrow,2013,5.1,/title/tt2187884/,,171962.0,,2014-07-19
343,  We Are What We Are,2013,5.9,/title/tt2309021/,,159047.0,,2013-10-25
344,  V/H/S/2,2013,6,/title/tt2450186/,,805574.0,,2013-06-06
345,  In Fear (I),2013,5.4,/title/tt2165859/,,274660.0,,2013-11-15
346,  Hell Baby,2013,4.9,/title/tt2318527/,2500000.0,8785.0,-2491215.0,2014-03-25
347,  Night of the Templar,2013,5.5,/title/tt0768222/,3230000.0,,,2013-01-22
348,  Magic Magic,2013,5,/title/tt1929308/,,,,2013-08-28
349,  Jug Face,2013,5.2,/title/tt2620736/,,,,2013-07-08
350,  Frankenstein's Army,2013,5.3,/title/tt1925435/,,,,2013-05-18
351,  The Haunting in Connecticut 2: Ghosts of Georgia,2013,5.3,/title/tt1457765/,9000000.0,5127434.0,-3872566.0,2013-02-01
352,  Berserk: The Golden Age Arc III - The Advent,2013,7.8,/title/tt2358913/,,399445.0,,2013-02-01
353,  Dark Skies,2013,6.3,/title/tt2387433/,3500000.0,27858103.0,24358103.0,2013-02-22
354,  Devil's Pass,2013,5.7,/title/tt1905040/,,5217347.0,,2013-02-28
355,  The Last Exorcism Part II,2013,4,/title/tt2034139/,5000000.0,25051865.0,20051865.0,2013-03-01
356,  Evil Dead,2013,6.5,/title/tt1288558/,17000000.0,97542952.0,80542952.0,2013-04-05
357,  Cheap Thrills (I),2013,6.7,/title/tt2389182/,200000.0,59424.0,-140576.0,2014-03-21
358,  Haunter,2013,5.9,/title/tt2345567/,,1489366.0,,2013-10-17
359,  Bad Milo,2013,5.7,/title/tt2274570/,,19613.0,,2013-08-29
360,  Crush (II),2013,5.6,/title/tt2093977/,,105473.0,,2013-03-13
361,  The Call (II),2013,6.7,/title/tt1911644/,13000000.0,68572631.0,55572631.0,2013-03-15
362,  The Last Days,2013,6.1,/title/tt1935914/,5200000.0,4343816.0,-856184.0,2013-03-27
363,  Pee Mak,2013,7.2,/title/tt2776344/,1813500.0,20896252.0,19082752.0,2013-03-28
364,  Odd Thomas,2013,6.8,/title/tt1767354/,27000000.0,1149267.0,-25850733.0,2014-02-28
365,  Scary Movie V,2013,3.5,/title/tt0795461/,20000000.0,78378744.0,58378744.0,2013-04-12
366,  The Human Race,2013,5.1,/title/tt1427298/,,,,2014-06-13
367,  Raze,2013,5.1,/title/tt2111392/,,7429.0,,2014-01-16
368,  Big Bad Wolves,2013,6.8,/title/tt2309224/,,291239.0,,2013-08-15
369,  Willow Creek,2013,5.1,/title/tt2885364/,,,,2014-05-02
370,  The Purge (I),2013,5.7,/title/tt2184339/,3000000.0,89328627.0,86328627.0,2013-06-07
371,  Go Goa Gone,2013,6.6,/title/tt2436516/,,429350.0,,2013-05-10
372,  Borgman,2013,6.7,/title/tt1954315/,3224000.0,1052010.0,-2171990.0,2013-08-29
373,  The Last Days on Mars,2013,5.5,/title/tt1709143/,8470000.0,187191.0,-8282809.0,2013-09-19
374,  Only Lovers Left Alive,2013,7.2,/title/tt1714915/,7000000.0,7609187.0,609187.0,2013-12-25
375,  Hammer of the Gods,2013,4.5,/title/tt2193418/,,7343.0,,2013-05-30
376,  World War Z,2013,7,/title/tt0816711/,190000000.0,540455876.0,350455876.0,2013-06-21
377,  The Conjuring,2013,7.5,/title/tt1457767/,20000000.0,320406242.0,300406242.0,2013-07-19
378,  Hatchet III,2013,5.6,/title/tt1870419/,1169935.0,,,2013-11-07
379,  The House at the End of Time,2013,6.7,/title/tt2640474/,300000.0,4588899.0,4288899.0,2013-06-21
380,  Contracted,2013,5.3,/title/tt2281159/,,58221.0,,2013-11-22
381,  Curse of Chucky,2013,5.6,/title/tt2230358/,5000000.0,,,2013-09-24
382,  Dabbe: The Possession,2013,6.8,/title/tt3069758/,,2005958.0,,2013-08-02
383,  The Mortal Instruments: City of Bones,2013,5.8,/title/tt1538403/,60000000.0,95396573.0,35396573.0,2013-08-21
384,  Open Grave,2013,6.2,/title/tt2071550/,,489812.0,,2014-01-03
385,  Banshee Chapter,2013,5.4,/title/tt2011276/,950000.0,,,2013-12-12
386,  Final Prayer,2013,5.8,/title/tt2781832/,,,,2015-02-24
387,  I Spit on Your Grave 2,2013,5.7,/title/tt2537176/,,678604.0,,2013-09-05
388,  Under the Skin (I),2013,6.3,/title/tt1441395/,13300000.0,5866389.0,-7433611.0,2014-03-14
389,  Wolf Creek 2,2013,6.1,/title/tt2004432/,7200000.0,4383978.0,-2816022.0,2014-04-17
390,  Rigor Mortis,2013,6.2,/title/tt2771800/,1920000.0,3018374.0,1098374.0,2014-06-06
391,  The Sacrament,2013,6.1,/title/tt2383068/,4000000.0,9221.0,-3990779.0,2014-05-01
392,  All Cheerleaders Die,2013,5.1,/title/tt2527186/,,,,2014-05-08
393,  Horns,2013,6.4,/title/tt1528071/,,3875442.0,,2014-10-03
394,  Oculus,2013,6.5,/title/tt2388715/,5000000.0,44459951.0,39459951.0,2014-04-11
395,  The Green Inferno,2013,5.3,/title/tt2403021/,5000000.0,12666449.0,7666449.0,2015-09-25
396,  Afflicted,2013,6.2,/title/tt2309961/,,121179.0,,2015-01-27
397,  Insidious: Chapter 2,2013,6.5,/title/tt2226417/,5000000.0,161919318.0,156919318.0,2013-09-13
398,  Witching and Bitching,2013,6.4,/title/tt2404738/,,7422695.0,,2013-09-27
399,  Knights of Badassdom,2013,5.5,/title/tt1545660/,,123854.0,,2014-04-11
400,  Nothing Left to Fear,2013,4.4,/title/tt1662293/,3000000.0,1675381.0,-1324619.0,2013-09-26
401,  Nurse,2013,4.5,/title/tt1913166/,10000000.0,706617.0,-9293383.0,2013-10-24
402,  Carrie,2013,5.8,/title/tt1939659/,30000000.0,84790678.0,54790678.0,2013-10-18
403,  Haunt,2013,5.2,/title/tt2386278/,,2408629.0,,2013-10-09
404,  Gallows Hill,2013,5.2,/title/tt2387408/,2500000.0,1498262.0,-1001738.0,2014-08-29
405,  The Returned,2013,5.9,/title/tt2093270/,5000000.0,612521.0,-4387479.0,2013-11-15
406,  All Hallows' Eve,2013,5.1,/title/tt2900624/,500000.0,,,2019-04-17
407,  Wer,2013,5.9,/title/tt2229511/,2500000.0,860940.0,-1639060.0,2014-08-19
408,  The Den,2013,6,/title/tt2503154/,500000.0,410129.0,-89871.0,2014-03-14
409,  Paranormal Activity: The Marked Ones,2014,5,/title/tt2473682/,5000000.0,90894962.0,85894962.0,2014-01-03
410,  Devil's Due,2014,4.1,/title/tt2752758/,7000000.0,36921560.0,29921560.0,2014-01-17
411,  The Babadook,2014,6.8,/title/tt2321549/,2000000.0,10484459.0,8484459.0,2014-11-28
412,  Cooties,2014,5.7,/title/tt2490326/,,485544.0,,2015-09-18
413,  The Voices,2014,6.3,/title/tt1567437/,,2097718.0,,2015-02-06
414,  A Girl Walks Home Alone at Night,2014,6.9,/title/tt2326554/,,589307.0,,2015-04-20
415,  Life After Beth,2014,5.6,/title/tt2581244/,2400000.0,274717.0,-2125283.0,2014-07-15
416,  Dead Snow 2: Red vs. Dead,2014,6.8,/title/tt2832470/,3500000.0,1187477.0,-2312523.0,2014-10-07
417,  What We Do in the Shadows,2014,7.6,/title/tt3416742/,1600000.0,7412611.0,5812611.0,2015-02-13
418,  Killers,2014,6.4,/title/tt2409300/,,5248.0,,2014-02-01
419,  Cabin Fever: Patient Zero,2014,4.4,/title/tt2102496/,,,,2014-02-13
420,  Vampire Academy,2014,5.4,/title/tt1686821/,30000000.0,15642346.0,-14357654.0,2014-02-07
421,  Exists,2014,5.2,/title/tt1988621/,,413767.0,,2014-10-03
422,  13 Sins,2014,6.3,/title/tt2059171/,4000000.0,826913.0,-3173087.0,2014-04-11
423,  Honeymoon,2014,5.7,/title/tt3177316/,1000000.0,24343.0,-975657.0,2014-09-12
424,  Creep (I),2014,6.3,/title/tt2428170/,,,,2015-06-23
425,  Starry Eyes,2014,6,/title/tt2793490/,,10220.0,,2014-11-14
426,  Night of the Wolf,2014,6,/title/tt2420756/,,,,2014-11-17
427,  At the Devil's Door (VI),2014,4.7,/title/tt2597242/,,74624.0,,2014-08-08
428,  Housebound,2014,6.7,/title/tt3504048/,220500.0,241347.0,20847.0,2014-09-04
429,  The Quiet Ones,2014,5.1,/title/tt2235779/,200000.0,17835162.0,17635162.0,2014-04-25
430,  Alien Abduction,2014,4.8,/title/tt2510434/,,82725.0,,2014-04-04
431,  Zombeavers,2014,4.8,/title/tt2784512/,,54985.0,,2015-03-20
432,  Preservation,2014,4.8,/title/tt3138558/,,,,2015-01-09
433,  Let Us Prey,2014,5.8,/title/tt3148348/,,,,2015-06-12
434,  The Canal,2014,5.8,/title/tt2517658/,,75212.0,,2014-10-10
435,  A Haunted House 2,2014,4.6,/title/tt2828996/,4000000.0,25358716.0,21358716.0,2014-04-18
436,  Extraterrestrial,2014,5,/title/tt2960930/,3000000.0,71103.0,-2928897.0,2014-10-17
437,  Time Lapse,2014,6.5,/title/tt2669336/,,19572.0,,2015-05-15
438,  Indigenous,2014,4.7,/title/tt2815072/,,,,2016-01-05
439,  Flight 7500,2014,4.8,/title/tt1975159/,,2871035.0,,2016-04-12
440,  It Follows,2014,6.8,/title/tt3235888/,1000000.0,21947454.0,20947454.0,2015-03-13
441,  Wolfcop,2014,5.5,/title/tt2781516/,750000.0,,,2015-02-25
442,  Animal (I),2014,4.6,/title/tt2996684/,,,,2015-02-01
443,  Stonehearst Asylum,2014,6.8,/title/tt1772264/,,2478806.0,,2014-10-24
444,  Deliver Us from Evil (I),2014,6.2,/title/tt2377322/,30000000.0,87937815.0,57937815.0,2014-07-02
445,  Twin Peaks: The Missing Pieces,2014,7.6,/title/tt5334704/,,,,2014-08-01
446,  The Purge: Anarchy,2014,6.4,/title/tt2975578/,9000000.0,111928365.0,102928365.0,2014-07-18
447,  Unfriended,2014,5.6,/title/tt3713166/,1000000.0,62882090.0,61882090.0,2015-04-17
448,  Kristy,2014,5.9,/title/tt2027136/,6900000.0,616506.0,-6283494.0,2015-11-05
449,  Come Back to Me,2014,5.8,/title/tt2551396/,,7744.0,,2014-07-25
450,  The Blue Elephant,2014,8,/title/tt3461252/,3500000.0,695436.0,-2804564.0,2014-07-28
451,  Black Mountain Side,2014,5.1,/title/tt3139756/,,,,2016-01-26
452,  The Possession of Michael King,2014,5.7,/title/tt2282016/,,2405143.0,,2014-08-22
453,"  As Above, So Below",2014,6.2,/title/tt2870612/,5000000.0,41898409.0,36898409.0,2014-08-29
454,  Leprechaun: Origins,2014,3.2,/title/tt2345613/,,,,2014-08-26
455,  Digging Up the Marrow,2014,5.8,/title/tt1991031/,,10969.0,,2015-02-20
456,  The Remaining (I),2014,4.3,/title/tt2714380/,,2297261.0,,2014-09-24
457,  V/H/S Viral,2014,4.2,/title/tt3704538/,,82409.0,,2014-10-23
458,  Wolves,2014,5.3,/title/tt1403241/,18000000.0,491154.0,-17508846.0,2014-08-28
459,  Goodnight Mommy,2014,6.7,/title/tt3086442/,,2193474.0,,2015-09-11
460,  Burying the Ex,2014,5.4,/title/tt3339674/,,668777.0,,2015-06-19
461,  Shrew's Nest,2014,6.7,/title/tt3417756/,,1152968.0,,2014-12-25
462,  Spring (I),2014,6.7,/title/tt3395184/,,49970.0,,2015-03-20
463,  Tusk (I),2014,5.3,/title/tt3099498/,3000000.0,1882074.0,-1117926.0,2014-09-19
464,  Backcountry (I),2014,6,/title/tt2944198/,,13848.0,,2015-03-20
465,  [REC] 4: Apocalypse,2014,5.3,/title/tt1649443/,3120000.0,4915757.0,1795757.0,2014-10-31
466,  No Good Deed (I),2014,5.6,/title/tt2011159/,13200000.0,54323210.0,41123210.0,2014-09-12
467,  Cub,2014,5.9,/title/tt3061836/,,763280.0,,2014-10-29
468,  Another World (I),2014,4.4,/title/tt1920846/,1000000.0,,,2016-03-01
469,  Don't Blink,2014,4.8,/title/tt1572306/,,104549.0,,2015-10-11
470,  ABCs of Death 2,2014,5.4,/title/tt2926810/,,7171.0,,2014-10-02
471,  Wyrmwood: Road of the Dead,2014,6.2,/title/tt2535470/,,111141.0,,2015-02-13
472,  The Town That Dreaded Sundown,2014,5.6,/title/tt2561546/,,,,2014-10-17
473,  Monsters: Dark Continent,2014,4.3,/title/tt1935302/,,306004.0,,2015-04-17
474,  Annabelle (I),2014,5.4,/title/tt3322940/,6500000.0,257589721.0,251089721.0,2014-10-03
475,  Dracula Untold,2014,6.2,/title/tt0829150/,70000000.0,217124280.0,147124280.0,2014-10-10
476,  Reaper (I),2014,5.1,/title/tt3081268/,,16873.0,,2015-06-06
477,  Mercy (I),2014,4.9,/title/tt2481496/,,,,2014-10-07
478,  The Houses October Built,2014,5.1,/title/tt1958043/,,,,2014-10-10
479,  Dark Was the Night,2014,5.6,/title/tt2251281/,,,,2015-07-24
480,  Girl House,2014,5.5,/title/tt2577172/,3150000.0,,,2015-02-14
481,  As the Gods Will,2014,6.4,/title/tt3354222/,,1938654.0,,2014-11-15
482,  See No Evil 2,2014,4.7,/title/tt3106120/,,,,2014-10-21
483,  The Taking of Deborah Logan,2014,6,/title/tt3387648/,1500000.0,407782.0,-1092218.0,2014-10-21
484,  Fear Clinic,2014,4.7,/title/tt2165765/,1000000.0,106974.0,-893026.0,2015-07-09
485,  Ouija (II),2014,4.5,/title/tt1204977/,5000000.0,103687316.0,98687316.0,2014-10-24
486,  Last Shift (I),2014,5.8,/title/tt2965466/,,,,2015-10-06
487,  Jessabelle,2014,5.4,/title/tt2300975/,,6998359.0,,2014-11-07
488,  Clown,2014,5.7,/title/tt1780798/,1500000.0,4381603.0,2881603.0,2016-06-17
489,  The Pyramid,2014,4.6,/title/tt2799166/,6500000.0,16861137.0,10361137.0,2014-12-05
490,  Altar,2014,5.1,/title/tt3484800/,,,,2015-02-17
491,  The Woman in Black 2: Angel of Death,2014,4.8,/title/tt2339741/,15000000.0,48854305.0,33854305.0,2015-01-02
492,  The Atticus Institute,2015,5.5,/title/tt3280916/,1000000.0,32521.0,-967479.0,2015-01-05
493,  Bound to Vengeance,2015,5.6,/title/tt1230213/,,160358.0,,2015-10-08
494,  Bloodsucking Bastards,2015,5.7,/title/tt3487994/,,,,2015-01-23
495,  Knock Knock (I),2015,4.9,/title/tt3605418/,2500000.0,5567103.0,3067103.0,2015-10-09
496,  The VVitch: A New-England Folktale,2015,6.9,/title/tt4263482/,4000000.0,40423945.0,36423945.0,2016-02-19
497,  Ratter,2015,5.1,/title/tt3836512/,500000.0,21214.0,-478786.0,2016-02-12
498,  The Hallow,2015,5.7,/title/tt2474976/,,1862407.0,,2015-11-05
499,  They Look Like People,2015,5.9,/title/tt4105970/,,,,2016-02-26
500,  Turbo Kid,2015,6.7,/title/tt3672742/,45000.0,67069.0,22069.0,2015-08-28
501,  The Final Girls,2015,6.5,/title/tt2118624/,6538513.0,,,2015-11-05
502,  Uncanny,2015,6.2,/title/tt2321502/,,,,2016-06-22
503,  Exeter (II),2015,4.5,/title/tt1945044/,,291097.0,,2015-01-25
504,  Demonic,2015,5.3,/title/tt1841642/,3000000.0,4476578.0,1476578.0,2017-10-10
505,  The Lazarus Effect,2015,5.2,/title/tt2918436/,3300000.0,38356892.0,35056892.0,2015-02-27
506,  Into the Grizzly Maze,2015,5.3,/title/tt1694021/,10000000.0,,,2015-08-04
507,  Landmine Goes Click,2015,5.9,/title/tt2186848/,1000000.0,,,2015-11-10
508,  The Invitation (I),2015,6.6,/title/tt2400463/,,354835.0,,2016-04-08
509,  The Boy (I),2015,5.5,/title/tt2443822/,,,,2022-06-15
510,  Deathgasm,2015,6.3,/title/tt3705412/,,,,2015-10-02
511,  We Are Still Here (I),2015,5.7,/title/tt3520418/,,,,2015-05-30
512,  The Diabolical,2015,4.7,/title/tt3603808/,,269458.0,,2015-08-13
513,  He Never Died,2015,6.3,/title/tt2386404/,,,,2015-12-18
514,  Dead Rising: Watchtower,2015,5.2,/title/tt3816458/,,,,2015-03-27
515,  Infini,2015,5.3,/title/tt3327624/,800000.0,,,2015-05-20
516,  Stung (I),2015,5.1,/title/tt3300572/,2500000.0,71085.0,-2428915.0,2015-10-29
517,  Backtrack (I),2015,5.9,/title/tt2784936/,,,,2016-01-29
518,  Maggie (I),2015,5.6,/title/tt1881002/,,1663165.0,,2015-05-08
519,  Emelie,2015,5.4,/title/tt4503598/,,6147.0,,2016-03-04
520,  Tale of Tales,2015,6.4,/title/tt3278330/,12480000.0,5500277.0,-6979723.0,2016-04-22
521,  Area 51,2015,4.2,/title/tt1519461/,5000000.0,7556.0,-4992444.0,2015-05-15
522,  Green Room,2015,7,/title/tt4062536/,5000000.0,3769214.0,-1230786.0,2016-05-13
523,  Poltergeist,2015,4.9,/title/tt1029360/,35000000.0,95437994.0,60437994.0,2015-05-22
524,  The Human Centipede III (Final Sequence),2015,2.8,/title/tt1883367/,,16184.0,,2015-06-18
525,  Circle (II),2015,6,/title/tt3118452/,250000.0,,,2015-10-16
526,  Insidious: Chapter 3,2015,6.1,/title/tt3195644/,10000000.0,112983889.0,102983889.0,2015-06-05
527,  Intruders,2015,5.7,/title/tt4009278/,,,,2016-01-15
528,  The Abandoned,2015,4.9,/title/tt3311988/,,,,2015-06-13
529,  The Rezort,2015,5.3,/title/tt3923662/,6050000.0,30194.0,-6019806.0,2020-05-29
530,  Final Girl,2015,4.7,/title/tt2124787/,8000000.0,33411.0,-7966589.0,2015-08-14
531,  The Gallows,2015,4.2,/title/tt2309260/,100000.0,42964410.0,42864410.0,2015-07-10
532,  Harbinger Down,2015,4.6,/title/tt3397918/,,61036.0,,2015-08-07
533,  Jeruzalem,2015,4.8,/title/tt4552524/,,107024.0,,2016-07-07
534,  Tag,2015,6.1,/title/tt4439120/,,995024.0,,2015-07-11
535,  Attack on Titan Part 1,2015,5.1,/title/tt2072230/,,30810658.0,,2015-08-01
536,  13 Cameras,2015,5.1,/title/tt4392454/,,,,2016-04-15
537,  Extinction,2015,5.8,/title/tt3467412/,7280000.0,2350695.0,-4929305.0,2015-07-31
538,  A Christmas Horror Story,2015,5.8,/title/tt3688406/,,,,2015-10-02
539,  The Vatican Tapes,2015,4.8,/title/tt1524575/,8000000.0,13015764.0,5015764.0,2015-07-22
540,  Potato Salad,2015,1.3,/title/tt4404474/,1040000.0,3020134.0,1980134.0,2015-07-23
541,  Tales of Halloween,2015,5.5,/title/tt4163020/,,416792.0,,2015-10-16
542,  Bite (I),2015,4.9,/title/tt4264426/,,,,2015-10-02
543,  Howl (I),2015,5.4,/title/tt2393827/,1936000.0,477656.0,-1458344.0,2015-10-16
544,  Sinister 2,2015,5.3,/title/tt2752772/,10000000.0,53329150.0,43329150.0,2015-08-21
545,  Visions (II),2015,5.3,/title/tt2954474/,,1013805.0,,2016-01-19
546,  The Visit (I),2015,6.2,/title/tt3567288/,5000000.0,98450062.0,93450062.0,2015-09-11
547,  Curve,2015,5.5,/title/tt3212904/,,,,2016-01-19
548,  Attack on Titan Part 2,2015,4.7,/title/tt4294052/,,15187789.0,,2015-10-20
549,  Sicilian Vampire,2015,6.5,/title/tt4693464/,,,,2015-09-10
550,  Baskin,2015,5.8,/title/tt4935418/,,318155.0,,2016-01-01
551,  The Blackcoat's Daughter (I),2015,5.9,/title/tt3286052/,,38348.0,,2017-02-16
552,  The Devil's Candy,2015,6.4,/title/tt4935372/,,772319.0,,2017-03-17
553,  Évolution,2015,5.9,/title/tt4291590/,,55985.0,,2016-11-25
554,  Hidden (I),2015,6.4,/title/tt2131532/,,,,2015-09-15
555,  Pay the Ghost,2015,5.1,/title/tt3733778/,,2914020.0,,2015-09-25
556,  Southbound,2015,5.9,/title/tt4935334/,,35275.0,,2016-02-09
557,  Demon,2015,6.1,/title/tt4935158/,,104038.0,,2016-09-09
558,  Regression (I),2015,5.6,/title/tt3319920/,20000000.0,17671101.0,-2328899.0,2015-10-02
559,  MSG 2 the Messenger,2015,7.2,/title/tt4921860/,305000.0,,,2015-09-18
560,  Hotel Transylvania 2,2015,6.6,/title/tt2510894/,80000000.0,475186706.0,395186706.0,2015-09-25
561,  Crimson Peak,2015,6.5,/title/tt2554274/,55000000.0,74679822.0,19679822.0,2015-10-16
562,  Bone Tomahawk,2015,7.1,/title/tt2494362/,1800000.0,382579.0,-1417421.0,2016-02-19
563,  I Spit on Your Grave: Vengeance Is Mine,2015,5.1,/title/tt4530884/,,144661.0,,2015-11-29
564,  Goosebumps,2015,6.3,/title/tt1051904/,58000000.0,158261424.0,100261424.0,2015-10-16
565,  Martyrs,2015,4,/title/tt1663655/,1000000.0,397072.0,-602928.0,2016-01-22
566,  I Am a Hero,2015,6.8,/title/tt3775202/,,13640067.0,,2016-04-23
567,  Hell House LLC,2015,6.4,/title/tt4267026/,,,,2016-11-01
568,  Paranormal Activity: The Ghost Dimension,2015,4.6,/title/tt2473510/,10000000.0,78903124.0,68903124.0,2015-10-23
569,  Scouts Guide to the Zombie Apocalypse,2015,6.3,/title/tt1727776/,15000000.0,16137046.0,1137046.0,2015-10-30
570,  Freaks of Nature,2015,5.9,/title/tt1817771/,,70958.0,,2015-10-30
571,  Whispers (III),2015,4.1,/title/tt1986202/,,,,2017-03-21
572,  Victor Frankenstein,2015,5.9,/title/tt1976009/,65000000.0,34227298.0,-30772702.0,2015-11-25
573,  Krampus (I),2015,6.2,/title/tt3850590/,15000000.0,61548707.0,46548707.0,2015-12-04
574,  The Lure,2015,6.3,/title/tt5278832/,,108846.0,,2015-12-25
575,  Friend Request,2016,5.2,/title/tt3352390/,9900000.0,10975390.0,1075390.0,2017-09-22
576,  The Forest (I),2016,4.8,/title/tt3387542/,10000000.0,39712000.0,29712000.0,2016-01-08
577,  The Veil (I),2016,4.7,/title/tt3533916/,4000000.0,,,2016-01-19
578,  The Boy,2016,6,/title/tt3882082/,10000000.0,73929392.0,63929392.0,2016-01-22
579,  Pride and Prejudice and Zombies,2016,5.8,/title/tt1374989/,28000000.0,16457494.0,-11542506.0,2016-02-05
580,  Under the Shadow,2016,6.8,/title/tt4273292/,,133324.0,,2016-10-07
581,  The Greasy Strangler,2016,5.7,/title/tt4381236/,,67427.0,,2016-10-07
582,  The Eyes of My Mother,2016,6.2,/title/tt5225338/,,29539.0,,2016-12-02
583,  Let's Be Evil,2016,4.3,/title/tt3655682/,10000.0,,,2016-08-05
584,  31,2016,5.1,/title/tt3835080/,1500000.0,850419.0,-649581.0,2016-09-16
585,  Yoga Hosers,2016,4.2,/title/tt3838992/,5000000.0,36585.0,-4963415.0,2016-09-02
586,  The Love Witch,2016,6.2,/title/tt3908142/,,252262.0,,2017-03-10
587,  Cabin Fever,2016,3.7,/title/tt3832096/,,114835.0,,2016-04-21
588,  Creepy,2016,6.4,/title/tt4900708/,,5054326.0,,2016-06-18
589,  The Other Side of the Door,2016,5.3,/title/tt3702652/,,14332467.0,,2016-03-04
590,  Pandemic,2016,4.4,/title/tt3774802/,,8459.0,,2016-04-01
591,  10 Cloverfield Lane,2016,7.2,/title/tt1179933/,15000000.0,110216998.0,95216998.0,2016-03-11
592,  Pet (I),2016,5.7,/title/tt1183374/,,22003.0,,2016-12-02
593,  Don't Breathe,2016,7.1,/title/tt4160708/,9900000.0,157761002.0,147861002.0,2016-08-26
594,  Hush (I),2016,6.6,/title/tt5022702/,1000000.0,,,2016-04-08
595,  The Good Neighbor,2016,6.3,/title/tt2262315/,,90573.0,,2017-08-14
596,  I Am Not a Serial Killer,2016,6.2,/title/tt4303340/,1304648.8,21148.0,-1283500.8,2016-08-26
597,  Meet the Blacks,2016,4.8,/title/tt4191580/,900000.0,9097072.0,8197072.0,2016-04-01
598,  Seoul Station,2016,6.1,/title/tt3845670/,,2029087.0,,2016-08-17
599,  Before I Wake,2016,6.2,/title/tt3174376/,,3965086.0,,2018-01-05
600,  Holidays,2016,5.1,/title/tt4419364/,,55621.0,,2016-04-15
601,"  Fear, Inc.",2016,5.5,/title/tt3560148/,,,,2016-10-21
602,  Here Alone,2016,5.6,/title/tt4814760/,,25043.0,,2017-05-18
603,  Daylight's End,2016,5.4,/title/tt3007132/,2000000.0,11257.0,-1988743.0,2016-09-23
604,  Lavender (I),2016,5.4,/title/tt4680980/,,,,2017-03-03
605,  The Wailing,2016,7.4,/title/tt5215952/,6420000.0,49851770.0,43431770.0,2016-06-03
606,  The Darkness (I),2016,4.5,/title/tt1878841/,4000000.0,10898293.0,6898293.0,2016-05-13
607,  Kill Command,2016,5.7,/title/tt2667380/,,25427.0,,2016-11-25
608,  The Conjuring 2,2016,7.3,/title/tt3065204/,40000000.0,321834351.0,281834351.0,2016-06-10
609,  Train to Busan,2016,7.6,/title/tt5700672/,7500000.0,92764199.0,85264199.0,2016-07-20
610,  Raw,2016,7,/title/tt4954522/,3640000.0,3096815.0,-543185.0,2017-03-15
611,  The Untamed,2016,6.1,/title/tt5265960/,,61249.0,,2017-07-21
612,  Cell (I),2016,4.4,/title/tt0775440/,,1323012.0,,2016-06-10
613,  The Neon Demon,2016,6.1,/title/tt1974419/,7000000.0,3073700.0,-3926300.0,2016-06-24
614,  Beyond the Gates,2016,5.1,/title/tt4687358/,300000.0,,,2016-12-09
615,  Lights Out (II),2016,6.3,/title/tt4786282/,4900000.0,148868835.0,143968835.0,2016-07-22
616,  The Shallows,2016,6.3,/title/tt4052882/,17000000.0,119100758.0,102100758.0,2016-06-24
617,  The Purge: Election Year,2016,6,/title/tt4094724/,10000000.0,118587880.0,108587880.0,2016-07-01
618,  Satanic,2016,3.7,/title/tt4796122/,,349183.0,,2016-07-01
619,  A Dark Song,2016,6.2,/title/tt4805316/,,23742.0,,2017-04-28
620,  Rupture (I),2016,4.8,/title/tt4578118/,,31238.0,,2017-04-28
621,  Shin Godzilla,2016,6.8,/title/tt4262980/,,78053145.0,,2016-07-29
622,  Viral (I),2016,5.4,/title/tt2597892/,,551760.0,,2016-07-29
623,  The Girl with All the Gifts,2016,6.6,/title/tt4547056/,4840000.0,4086096.0,-753904.0,2017-01-26
624,  Killing Ground,2016,5.8,/title/tt4728386/,884000.0000000001,80051.0,-803949.0000000001,2017-07-21
625,  The Neighbor (II),2016,5.8,/title/tt3330764/,1500000.0,164348.0,-1335652.0,2016-09-16
626,  House on Willow Street,2016,4.7,/title/tt4961380/,,63514.0,,2017-03-24
627,  Siren (I),2016,5.3,/title/tt4667854/,300000.0,,,2016-12-02
628,  Hounds of Love,2016,6.5,/title/tt3896738/,,234419.0,,2017-05-12
629,  Morgan,2016,5.8,/title/tt4520364/,8000000.0,8809407.0,809407.0,2016-09-02
630,  Prevenge,2016,6,/title/tt5154288/,96800.0,103885.0,7085.0,2017-03-24
631,  The Bad Batch,2016,5.2,/title/tt4334266/,6000000.0,201890.0,-5798110.0,2017-06-23
632,  The Disappointments Room,2016,3.9,/title/tt2364897/,15000000.0,5745040.0,-9254960.0,2016-09-09
633,  The Autopsy of Jane Doe,2016,6.8,/title/tt3289956/,,6170043.0,,2016-12-21
634,  The Belko Experiment,2016,6.1,/title/tt1082807/,5000000.0,11084630.0,6084630.0,2017-03-17
635,  I Am the Pretty Thing That Lives in the House,2016,4.6,/title/tt5059406/,,,,2016-10-28
636,  Blair Witch,2016,5,/title/tt1540011/,5000000.0,45173154.0,40173154.0,2016-09-16
637,  Don't Knock Twice,2016,5.1,/title/tt3622110/,,2081591.0,,2017-02-03
638,  The Void (I),2016,5.9,/title/tt4255304/,,368372.0,,2017-04-07
639,  Better Watch Out (II),2016,6.5,/title/tt4443658/,,176288.0,,2017-10-06
640,  Anti Matter,2016,5.7,/title/tt4881364/,,22384.0,,2017-09-08
641,  The Osiris Child,2016,5.5,/title/tt4536768/,,135532.0,,2017-05-18
642,  Split (IX),2016,7.3,/title/tt4972582/,9000000.0,278454417.0,269454417.0,2017-01-20
643,  The Monster,2016,5.4,/title/tt3976144/,2700000.0,74700.0,-2625300.0,2016-10-06
644,  Within,2016,5.1,/title/tt3612320/,,10424.0,,2016-10-18
645,  Inside (I),2016,4.7,/title/tt5170810/,,824414.0,,2018-01-12
646,  It Stains the Sands Red,2016,5.5,/title/tt5735280/,,3599.0,,2017-07-28
647,  Strangled,2016,7,/title/tt4975280/,1785650.0,208999.0,-1576651.0,2016-11-10
648,  The Thinning,2016,5.3,/title/tt5254868/,1000000.0,,,2016-10-12
649,  Terrifier,2016,5.6,/title/tt4281724/,35000.0,,,2018-03-15
650,  Ouija: Origin of Evil,2016,6.2,/title/tt4361050/,9000000.0,81705746.0,72705746.0,2016-10-21
651,  Boo! A Madea Halloween,2016,4.6,/title/tt5325452/,20000000.0,74827344.0,54827344.0,2016-10-21
652,  Don't Hang Up,2016,5.5,/title/tt3610746/,,332571.0,,2017-02-10
653,  Shut In (I),2016,4.8,/title/tt2582500/,10000000.0,13082071.0,3082071.0,2016-11-11
654,  Underworld: Blood Wars,2016,5.7,/title/tt3717252/,35000000.0,81093313.0,46093313.0,2017-01-06
655,  Incarnate,2016,5.2,/title/tt3216348/,5000000.0,9037058.0,4037058.0,2016-12-02
656,  A Cure for Wellness,2016,6.4,/title/tt4731136/,40000000.0,26620002.0,-13379998.0,2017-02-17
657,  Resident Evil: The Final Chapter,2016,5.5,/title/tt2592614/,40000000.0,312242626.0,272242626.0,2017-01-27
658,  The Bye Bye Man,2017,4.3,/title/tt4030600/,7400000.0,29874280.0,22474280.0,2017-01-13
659,  Clinical,2017,5.1,/title/tt5577742/,,,,2017-01-13
660,  Berlin Syndrome,2017,6.2,/title/tt3335606/,,397783.0,,2017-05-26
661,  Dave Made a Maze,2017,6.3,/title/tt4457344/,,34117.0,,2017-08-18
662,  XX,2017,4.6,/title/tt3322892/,,55668.0,,2017-02-17
663,  Get Out (I),2017,7.7,/title/tt5052448/,4500000.0,255745157.0,251245157.0,2017-02-24
664,  Super Dark Times,2017,6.6,/title/tt5112578/,,33109.0,,2017-09-29
665,  Rings,2017,4.5,/title/tt0498381/,25000000.0,83080890.0,58080890.0,2017-02-03
666,  November,2017,7.2,/title/tt6164502/,1508000.0,19084.0,-1488916.0,2018-02-23
667,  The Bar,2017,6.3,/title/tt5121816/,5339617.92,3662671.0,-1676946.92,2017-03-24
668,  Tragedy Girls,2017,6,/title/tt3859272/,,122211.0,,2017-10-20
669,  Mayhem,2017,6.4,/title/tt4348012/,,,,2017-11-10
670,  M.F.A.,2017,5.9,/title/tt5091530/,,,,2017-10-13
671,  Life (I),2017,6.6,/title/tt5442430/,58000000.0,100541806.0,42541806.0,2017-03-24
672,  My Friend Dahmer,2017,6.2,/title/tt2291540/,,1436751.0,,2018-03-02
673,  The Endless (I),2017,6.5,/title/tt3986820/,,956425.0,,2018-04-06
674,  Phoenix Forgotten,2017,5.3,/title/tt6574272/,2800000.0,3697729.0,897729.0,2017-04-21
675,  Devil's Gate,2017,5.1,/title/tt4610748/,,52966.0,,2018-01-05
676,  Stephanie (I),2017,5.8,/title/tt3829378/,,,,2018-04-17
677,  It Comes at Night,2017,6.2,/title/tt4695012/,5000000.0,19735344.0,14735344.0,2017-06-09
678,  Alien: Covenant,2017,6.4,/title/tt2316204/,97000000.0,240891763.0,143891763.0,2017-05-19
679,  I Remember You,2017,6.1,/title/tt4966532/,,728751.0,,2017-11-10
680,  The Mummy,2017,5.4,/title/tt2345759/,125000000.0,409231607.0,284231607.0,2017-06-09
681,  The Killing of a Sacred Deer,2017,7,/title/tt5715874/,,7027336.0,,2017-11-03
682,  47 Meters Down,2017,5.6,/title/tt2932536/,5300000.0,62198461.0,56898461.0,2017-06-16
683,  Resident Evil: Vendetta,2017,6.2,/title/tt5776208/,,256320.0,,2017-06-19
684,  The Recall,2017,4.2,/title/tt5669936/,,112357.0,,2017-06-02
685,  Shimmer Lake,2017,6.3,/title/tt1386691/,,,,2017-06-09
686,  Escape Room (II),2017,4.2,/title/tt5159414/,,1870824.0,,2017-09-22
687,  Annabelle: Creation,2017,6.5,/title/tt5140878/,15000000.0,306515884.0,291515884.0,2017-08-11
688,  12 Feet Deep,2017,5.3,/title/tt5143226/,,,,2017-06-20
689,  Amityville: The Awakening,2017,4.8,/title/tt1935897/,,8481997.0,,2017-10-12
690,  Gerald's Game,2017,6.5,/title/tt3748172/,,,,2017-09-29
691,  The Crucifixion,2017,5.1,/title/tt4181782/,,6554322.0,,2017-10-06
692,  Hostile (I),2017,5.4,/title/tt5085522/,1000000.0,385428.0,-614572.0,2018-09-07
693,  Wish Upon,2017,5,/title/tt5322012/,12000000.0,23468586.0,11468586.0,2017-07-14
694,  Radius,2017,6.2,/title/tt6097798/,,14097.0,,2017-11-10
695,  Jackals (I),2017,5,/title/tt6104206/,,85410.0,,2017-12-28
696,  Monster Family,2017,4.8,/title/tt6572702/,,29230695.0,,2018-02-09
697,  Thelma,2017,7,/title/tt6304046/,4750000.0,1463727.0,-3286273.0,2017-09-15
698,  Victor Crowley,2017,5.5,/title/tt5534434/,400000.0,,,2020-05-13
699,  Death Note (I),2017,4.5,/title/tt1241317/,50000000.0,,,2017-08-25
700,  Cult of Chucky,2017,5.2,/title/tt3280262/,,,,2017-10-03
701,  Leatherface,2017,5,/title/tt2620590/,,1476843.0,,2017-09-14
702,  Verónica (I),2017,6.2,/title/tt5862312/,,6123089.0,,2017-08-25
703,  The Vault (I),2017,4.8,/title/tt1785635/,5000000.0,346729.0,-4653271.0,2017-09-01
704,  Little Evil,2017,5.7,/title/tt2937366/,,,,2017-09-01
705,  Temple,2017,3.7,/title/tt4898730/,,,,2017-09-01
706,  It (I),2017,7.3,/title/tt1396484/,35000000.0,701842551.0,666842551.0,2017-09-08
707,  Mother!,2017,6.6,/title/tt5109784/,30000000.0,44516999.0,14516999.0,2017-09-15
708,  Ravenous,2017,5.8,/title/tt6243140/,2775000.0,41026.0,-2733974.0,2018-03-02
709,  The Lodgers,2017,5.1,/title/tt4399952/,,916727.0,,2018-02-23
710,  The Ritual (I),2017,6.3,/title/tt5638642/,,1785977.0,,2018-02-09
711,  The Cured,2017,5.6,/title/tt3463106/,,323776.0,,2018-02-23
712,  Mom and Dad,2017,5.5,/title/tt5462326/,7000000.0,165962.0,-6834038.0,2018-03-09
713,  Cold Skin,2017,6,/title/tt1034385/,8840000.0,737478.0,-8102522.0,2018-09-07
714,  Downrange,2017,5.5,/title/tt6138228/,,,,2018-12-14
715,  Revenge (II),2017,6.4,/title/tt6738136/,3000000.0,938055.0,-2061945.0,2018-05-11
716,  Pyewacket,2017,5.8,/title/tt5119116/,,166610.0,,2018-03-23
717,  Marrowbone,2017,6.7,/title/tt5886440/,8320000.0,12294931.0,3974931.0,2018-04-13
718,  Ryde,2017,5.7,/title/tt5339418/,,,,2017-09-15
719,  Satan's Slaves,2017,6.5,/title/tt7076834/,127779.61200000001,431730.0,303950.388,2017-09-28
720,  The Maus,2017,4.7,/title/tt5586362/,2080000.0,,,2018-03-02
721,  Anna and the Apocalypse,2017,6,/title/tt6433880/,,673523.0,,2018-11-30
722,  Hagazussa,2017,5.8,/title/tt7323600/,,21487.0,,2019-04-19
723,  Feral,2017,4.5,/title/tt4974778/,,,,2017-12-21
724,  1922,2017,6.2,/title/tt6214928/,,,,2017-10-20
725,  Tigers Are Not Afraid,2017,6.9,/title/tt4823434/,1343664.0,576598.0,-767066.0,2019-12-03
726,  Flatliners,2017,5.2,/title/tt2039338/,19000000.0,45158254.0,26158254.0,2017-09-29
727,  Jeepers Creepers III,2017,3.9,/title/tt1139592/,6200000.0,4017852.0,-2182148.0,2017-11-02
728,  Ghost Stories (I),2017,6.4,/title/tt5516328/,,4131358.0,,2018-04-20
729,  Creep 2,2017,6.4,/title/tt3654796/,,,,2017-10-24
730,  Cargo (I),2017,6.3,/title/tt3860916/,,56385.0,,2018-05-18
731,  Happy Death Day,2017,6.6,/title/tt5308322/,4800000.0,125479266.0,120679266.0,2017-10-13
732,  Dismissed,2017,5.7,/title/tt5039994/,,,,2019-01-03
733,  Errementari,2017,6.4,/title/tt5592878/,,56516.0,,2018-10-12
734,  The Babysitter (I),2017,6.3,/title/tt4225622/,,,,2017-10-13
735,  The Super,2017,5.5,/title/tt5884784/,2300000.0,19513.0,-2280487.0,2018-10-19
736,  Golmaal Again,2017,4.9,/title/tt1806913/,,2058098.0,,2017-10-20
737,  Jigsaw (I),2017,5.7,/title/tt3348730/,10000000.0,102952888.0,92952888.0,2017-10-27
738,  Terrified,2017,6.4,/title/tt7549892/,,367173.0,,2018-10-11
739,  One Cut of the Dead,2017,7.6,/title/tt7914416/,0.0,27590180.0,27590180.0,2019-09-24
740,  The Houses October Built 2,2017,4.9,/title/tt7068818/,,,,2017-11-22
741,  Day of the Dead: Bloodline,2017,3.4,/title/tt3053228/,8000000.0,277922.0,-7722078.0,2018-01-05
742,  Insidious: The Last Key,2018,5.7,/title/tt5726086/,10000000.0,167885588.0,157885588.0,2018-01-05
743,  Asylum of Fear,2018,5.2,/title/tt3289080/,,,,2018-01-09
744,  Batman: Gotham by Gaslight,2018,6.7,/title/tt7167630/,,,,2018-01-23
745,  The Night Eats the World,2018,6,/title/tt4266076/,3109600.0,95208.0,-3014392.0,2018-07-13
746,  Attack on Titan: The Roar of Awakening,2018,8.4,/title/tt7941892/,,107155.0,,2018-01-13
747,  Mandy (I),2018,6.5,/title/tt6998518/,6000000.0,1653784.0,-4346216.0,2018-09-14
748,  The Open House,2018,3.3,/title/tt7608028/,100000.0,,,2018-01-19
749,  Piercing,2018,5.5,/title/tt6516314/,,149211.0,,2019-02-01
750,  Assassination Nation,2018,6,/title/tt6205872/,7000000.0,2584988.0,-4415012.0,2018-09-21
751,  Searching (III),2018,7.6,/title/tt7668870/,880000.0,75462037.0,74582037.0,2018-08-31
752,  Hereditary,2018,7.3,/title/tt7784604/,10000000.0,82530552.0,72530552.0,2018-06-08
753,  Summer of 84,2018,6.7,/title/tt5774450/,,42027.0,,2018-08-10
754,  Lords of Chaos,2018,6.6,/title/tt4669296/,,365353.0,,2019-02-08
755,  Winchester,2018,5.4,/title/tt1072748/,3500000.0,44019588.0,40519588.0,2018-02-02
756,  Awe!,2018,7.7,/title/tt7797658/,,47386.0,,2018-02-02
757,  Incident in a Ghostland,2018,6.4,/title/tt6195094/,,5643957.0,,2018-06-22
758,  The Cloverfield Paradox,2018,5.5,/title/tt2548396/,45000000.0,,,2018-02-04
759,  Annihilation (I),2018,6.8,/title/tt2798920/,40000000.0,43070915.0,3070915.0,2018-02-23
760,  Unsane,2018,6.4,/title/tt7153766/,1500000.0,14293601.0,12793601.0,2018-03-23
761,  Pari (I),2018,6.6,/title/tt7329858/,,4935586.0,,2018-03-02
762,  The Strangers: Prey at Night,2018,5.2,/title/tt1285009/,5000000.0,31039126.0,26039126.0,2018-03-09
763,  Unfriended: Dark Web,2018,6,/title/tt4761916/,1000000.0,16024987.0,15024987.0,2018-07-20
764,  A Quiet Place,2018,7.5,/title/tt6644200/,17000000.0,340952971.0,323952971.0,2018-04-06
765,  Wildling,2018,5.5,/title/tt5085924/,,504718.0,,2018-04-13
766,  Elizabeth Harvest,2018,5.8,/title/tt6852872/,,4973.0,,2018-08-10
767,  What Keeps You Alive,2018,5.7,/title/tt7073710/,,20746.0,,2018-08-24
768,  Blood Fest,2018,5.4,/title/tt7208564/,1200000.0,122833.0,-1077167.0,2018-08-31
769,  Pacific Rim: Uprising,2018,5.6,/title/tt2557478/,150000000.0,290930148.0,140930148.0,2018-03-23
770,  Acrimony,2018,5.8,/title/tt6063050/,20000000.0,46403669.0,26403669.0,2018-03-30
771,  Gonjiam: Haunted Asylum,2018,6.4,/title/tt8119752/,,21041950.0,,2018-03-28
772,  Corbin Nash,2018,4.5,/title/tt2948160/,,,,2018-04-20
773,  Bad Samaritan,2018,6.4,/title/tt3203528/,,4623836.0,,2018-05-04
774,  Truth or Dare (I),2018,5.2,/title/tt6772950/,3500000.0,95330710.0,91830710.0,2018-04-13
775,  St. Agatha,2018,4.9,/title/tt6182078/,,1468454.0,,2019-02-08
776,  The Dark (I),2018,5.6,/title/tt6832388/,,27738.0,,2018-10-26
777,  Delirium (I),2018,5.7,/title/tt2069797/,,,,2018-05-22
778,  Climax (I),2018,6.9,/title/tt8359848/,2704000.0,1697108.0,-1006892.0,2018-09-19
779,  The House That Jack Built,2018,6.8,/title/tt4003440/,9048000.0,3081913.0,-5966087.0,2018-10-17
780,  Hotel Transylvania 3: Summer Vacation,2018,6.3,/title/tt5220122/,80000000.0,528583774.0,448583774.0,2018-07-13
781,  Office Uprising,2018,5.8,/title/tt6251024/,2500000.0,165623.0,-2334377.0,2018-06-19
782,  Await Further Instructions,2018,4.9,/title/tt4971408/,,3823.0,,2018-10-05
783,  Possum,2018,5.8,/title/tt6081670/,,33225.0,,2018-10-26
784,  The Domestics,2018,5.7,/title/tt5591666/,10600000.0,59766.0,-10540234.0,2018-06-29
785,  The First Purge,2018,5.2,/title/tt6133466/,13000000.0,137056262.0,124056262.0,2018-07-04
786,  How It Ends,2018,5,/title/tt5246700/,20000000.0,,,2018-07-13
787,  Cam,2018,5.9,/title/tt8361028/,,,,2018-11-16
788,  Our House (I),2018,5.3,/title/tt2018069/,,24039.0,,2018-07-27
789,  Down a Dark Hall,2018,5,/title/tt2372251/,,2707199.0,,2018-08-17
790,  The Meg,2018,5.6,/title/tt4779682/,130000000.0,530517320.0,400517320.0,2018-08-10
791,  Slender Man,2018,3.2,/title/tt5690360/,10000000.0,51738549.0,41738549.0,2018-08-10
792,  Patient Zero (I),2018,4.5,/title/tt3458254/,,,,2018-09-14
793,  Mara (I),2018,5.1,/title/tt1773753/,5000000.0,661769.0,-4338231.0,2018-09-07
794,  He's Out There,2018,5.2,/title/tt4052050/,,544674.0,,2018-08-31
795,  The Golem,2018,5.5,/title/tt8329290/,,538176.0,,2019-02-01
796,  The Little Stranger,2018,5.5,/title/tt6859762/,,1824902.0,,2018-09-21
797,  Stree,2018,7.5,/title/tt8108202/,,22075730.0,,2018-08-31
798,  The VelociPastor,2018,5,/title/tt1843303/,11000.0,,,2019-08-13
799,  Suspiria (I),2018,6.7,/title/tt1034415/,20000000.0,7942093.0,-12057907.0,2018-11-02
800,  The Nun,2018,5.3,/title/tt5814060/,22000000.0,365582797.0,343582797.0,2018-09-07
801,  Mutant Blast,2018,6.2,/title/tt3064338/,83200.0,5498.0,-77702.0,2020-04-03
802,  Gwen (II),2018,6,/title/tt5149490/,2420000.0,47140.0,-2372860.0,2019-08-16
803,  Halloween (I),2018,6.5,/title/tt1502407/,10000000.0,259939835.0,249939835.0,2018-10-19
804,  High Life,2018,5.8,/title/tt4827558/,8320000.0,2133033.0,-6186967.0,2019-04-12
805,  The Wind (II),2018,5.6,/title/tt8426594/,,130974.0,,2019-04-05
806,  In Fabric,2018,6.2,/title/tt7464188/,,197592.0,,2019-12-06
807,  The Perfection,2018,6.2,/title/tt7772580/,,,,2019-05-24
808,  Apostle,2018,6.3,/title/tt6217306/,,,,2018-10-12
809,  Tumbbad,2018,8.2,/title/tt8239946/,,1691980.0,,2018-10-12
810,  You Might Be the Killer,2018,5.9,/title/tt8998472/,1354218.0,,,2018-12-04
811,  The 16th Episode,2018,5.1,/title/tt3692082/,,,,2019-06-28
812,  Overlord,2018,6.6,/title/tt4530422/,38000000.0,41657844.0,3657844.0,2018-11-09
813,  We Have Always Lived in the Castle,2018,5.6,/title/tt5952138/,,80094.0,,2019-05-17
814,  Bloodline (III),2018,6,/title/tt8883524/,,36725.0,,2019-09-20
815,  Hell Fest,2018,5.5,/title/tt1999890/,5500000.0,18160930.0,12660930.0,2018-09-28
816,  I Still See You,2018,5.8,/title/tt2160105/,,1620637.0,,2018-10-12
817,  I'll Take Your Dead,2018,5.7,/title/tt7962932/,,10523.0,,2019-05-03
818,  The Axiom,2018,5,/title/tt6051096/,,,,2018-12-07
819,  Constantine: City of Demons - The Movie,2018,7.3,/title/tt9177882/,,,,2018-10-04
820,  Malevolent (III),2018,4.8,/title/tt2386237/,,,,2018-10-05
821,  The Head Hunter,2018,5.4,/title/tt6469548/,30000.0,380448.0,350448.0,2019-04-05
822,  Look Away,2018,5.8,/title/tt5834760/,,1119537.0,,2018-11-02
823,  Cut Off,2018,6.5,/title/tt3645988/,,1058455.0,,2018-10-11
824,  Goosebumps 2: Haunted Halloween,2018,5.6,/title/tt5664636/,35000000.0,93320380.0,58320380.0,2018-10-12
825,  The Final Wish,2018,4.2,/title/tt9109306/,,95215.0,,2019-01-24
826,  Slaughterhouse Rulez,2018,5.3,/title/tt6905696/,,730762.0,,2019-05-17
827,  Lupt,2018,5.6,/title/tt8698956/,,289845.0,,2018-11-02
828,  Bird Box,2018,6.6,/title/tt2737304/,,,,2018-12-21
829,  The Possession of Hannah Grace,2018,5.2,/title/tt5734576/,7700000.0,43016528.0,35316528.0,2018-11-30
830,  122,2019,6,/title/tt7867670/,,1928719.0,,2019-06-04
831,  Escape Room (I),2019,6.4,/title/tt5886046/,9000000.0,155712077.0,146712077.0,2019-01-04
832,  Glass,2019,6.6,/title/tt6823368/,20000000.0,246999039.0,226999039.0,2019-01-18
833,  Polaroid (I),2019,5.1,/title/tt5598292/,,1772204.0,,2019-09-17
834,  Harpoon,2019,6,/title/tt7831358/,,,,2019-10-08
835,  The Hole in the Ground,2019,5.6,/title/tt6198946/,,3373474.0,,2019-02-26
836,  The Lodge,2019,6,/title/tt7347846/,,3155858.0,,2020-01-16
837,  Wounds,2019,4.1,/title/tt5913798/,,,,2019-10-18
838,  Don't Let Go,2019,6.3,/title/tt6803212/,5000000.0,5288011.0,288011.0,2019-08-30
839,  Velvet Buzzsaw,2019,5.7,/title/tt7043012/,,,,2019-02-01
840,  Little Monsters,2019,6.3,/title/tt7390588/,,418863.0,,2019-10-11
841,  Sweetheart (I),2019,5.8,/title/tt6560164/,,,,2020-03-30
842,  The Prodigy,2019,5.9,/title/tt4504044/,6000000.0,21127789.0,15127789.0,2019-02-08
843,  Happy Death Day 2U,2019,6.2,/title/tt8155288/,9000000.0,64600152.0,55600152.0,2019-02-13
844,  We Summon the Darkness,2019,5.2,/title/tt8058874/,,190760.0,,2020-04-10
845,  Us (II),2019,6.8,/title/tt6857112/,20000000.0,256067149.0,236067149.0,2019-03-22
846,  Get Duked!,2019,6.2,/title/tt9735758/,,,,2020-08-28
847,  Villains (I),2019,6.2,/title/tt6378710/,,,,2019-09-20
848,  Daniel Isn't Real,2019,6.1,/title/tt8745960/,,75407.0,,2019-12-06
849,  Extra Ordinary,2019,6.4,/title/tt8233874/,,223898.0,,2020-03-06
850,  Girl on the Third Floor,2019,4.7,/title/tt9026184/,,145856.0,,2019-10-25
851,  I See You (II),2019,6.8,/title/tt6079516/,3000000.0,1194369.0,-1805631.0,2019-12-10
852,  Ready or Not (I),2019,6.8,/title/tt7798634/,6000000.0,57615777.0,51615777.0,2019-08-21
853,  The Curse of La Llorona,2019,5.2,/title/tt4913966/,9000000.0,123133739.0,114133739.0,2019-04-19
854,  Captive State,2019,6,/title/tt5968394/,25000000.0,8808611.0,-16191389.0,2019-03-15
855,  Pet Sematary,2019,5.7,/title/tt0837563/,21000000.0,113118226.0,92118226.0,2019-04-05
856,  Satanic Panic,2019,5.6,/title/tt8510350/,,,,2019-09-06
857,  Hellboy,2019,5.2,/title/tt2274648/,50000000.0,55065289.0,5065289.0,2019-04-12
858,  The Silence (II),2019,5.3,/title/tt7315484/,,2325977.0,,2019-04-10
859,  The Furies,2019,5.4,/title/tt8228172/,11900000.0,,,2019-11-07
860,  The Room,2019,6,/title/tt8485364/,4160000.0,44291.0,-4115709.0,2019-11-06
861,  La Llorona,2019,6.6,/title/tt10767168/,,294404.0,,2020-08-06
862,  Come to Daddy,2019,6,/title/tt8816194/,,117947.0,,2020-02-07
863,  The Intruder (I),2019,5.6,/title/tt6722030/,8000000.0,36599361.0,28599361.0,2019-05-03
864,  Brightburn,2019,6.1,/title/tt7752126/,6000000.0,33224654.0,27224654.0,2019-05-24
865,  The Dead Don't Die,2019,5.4,/title/tt8695030/,,15325468.0,,2019-06-14
866,  Bacurau,2019,7.3,/title/tt2762506/,,3554178.0,,2020-03-19
867,  Le daim,2019,6.6,/title/tt8193790/,4160000.0,1686700.0,-2473300.0,2020-05-01
868,  Little Joe,2019,5.8,/title/tt9204204/,,208821.0,,2019-12-06
869,  Vivarium,2019,5.8,/title/tt8368406/,4000000.0,487625.0,-3512375.0,2020-03-27
870,  The Lighthouse (I),2019,7.4,/title/tt7984734/,11000000.0,18150235.0,7150235.0,2019-11-01
871,  Assimilate (I),2019,5.3,/title/tt5238904/,,,,2019-05-24
872,  Ma (I),2019,5.6,/title/tt7958736/,5000000.0,61220856.0,56220856.0,2019-05-31
873,  Z (I),2019,5.5,/title/tt8995218/,,788597.0,,2020-05-07
874,  Annabelle Comes Home,2019,5.9,/title/tt8350360/,30000000.0,231252591.0,201252591.0,2019-06-26
875,  Child's Play,2019,5.7,/title/tt8663516/,10000000.0,44907074.0,34907074.0,2019-06-21
876,  Midsommar,2019,7.1,/title/tt8772262/,9000000.0,47968908.0,38968908.0,2019-07-03
877,  Crawl (I),2019,6.1,/title/tt8364368/,13500000.0,91542097.0,78042097.0,2019-07-12
878,  1BR,2019,5.8,/title/tt7541106/,,16125.0,,2020-04-24
879,  The Wretched,2019,5.8,/title/tt8305806/,1200000.0,4369493.0,3169493.0,2020-05-01
880,  The Soul Collector (II),2019,5.2,/title/tt7320482/,,142725.0,,2020-06-12
881,  The Blue Elephant 2,2019,8.1,/title/tt10515086/,,713957.0,,2019-07-25
882,  Scary Stories to Tell in the Dark,2019,6.2,/title/tt3387520/,25000000.0,104545505.0,79545505.0,2019-08-09
883,  Haunt (I),2019,6.3,/title/tt6535880/,5000000.0,2243353.0,-2756647.0,2019-09-13
884,  Itsy Bitsy (II),2019,4.8,/title/tt6895284/,,,,2019-12-30
885,  47 Meters Down: Uncaged,2019,5,/title/tt7329656/,12000000.0,47582563.0,35582563.0,2019-08-16
886,  Rabid,2019,5.2,/title/tt5628902/,5000000.0,,,2019-12-13
887,  It Chapter Two,2019,6.5,/title/tt7349950/,79000000.0,473122525.0,394122525.0,2019-09-06
888,  Tabernacle 101,2019,5.5,/title/tt5265980/,2040000.0000000002,,,2019-08-30
889,  The Fanatic,2019,4.2,/title/tt7869070/,18000000.0,,,2020-08-05
890,  Sea Fever,2019,5.7,/title/tt2716382/,,387740.0,,2020-04-10
891,  The Platform,2019,7,/title/tt8228288/,,1090116.0,,2020-03-20
892,  Color Out of Space,2019,6.2,/title/tt5073642/,6000000.0,1023510.0,-4976490.0,2020-02-25
893,  Synchronic,2019,6.2,/title/tt9016974/,,1483731.0,,2020-10-23
894,  Saint Maud,2019,6.7,/title/tt7557108/,,1383868.0,,2021-02-12
895,  The Vigil,2019,5.8,/title/tt10793644/,,1201833.0,,2021-02-26
896,  The Beach House (II),2019,5.3,/title/tt10843306/,,,,2020-07-09
897,  3 from Hell,2019,5.4,/title/tt8134742/,3000000.0,2295825.0,-704175.0,2019-09-16
898,  The Cleansing Hour,2019,6,/title/tt8009906/,,139355.0,,2020-01-03
899,  In the Tall Grass,2019,5.4,/title/tt4687108/,,,,2019-10-04
900,  The Mortuary Collection,2019,6.4,/title/tt7781432/,,107629.0,,2020-10-15
901,  VFW,2019,6.1,/title/tt9894470/,1000000.0,23101.0,-976899.0,2020-02-14
902,  The Dawn,2019,3.9,/title/tt7461372/,,140710.0,,2020-06-02
903,  Doom: Annihilation,2019,3.7,/title/tt8328716/,,,,2019-10-01
904,  Trick (II),2019,4.9,/title/tt9177040/,,48953.0,,2019-10-18
905,  Zombieland: Double Tap,2019,6.7,/title/tt1560220/,42000000.0,122810399.0,80810399.0,2019-10-18
906,  The Addams Family,2019,5.8,/title/tt1620981/,24000000.0,204394183.0,180394183.0,2019-10-11
907,  Mermaid Down,2019,5.2,/title/tt3584496/,85000.0,116466.0,31466.0,2019-10-15
908,  Impetigore,2019,6.6,/title/tt9000302/,,,,2020-07-23
909,  Eli (I),2019,5.8,/title/tt5294518/,14113729.0,,,2019-10-18
910,  Countdown (III),2019,5.4,/title/tt10039344/,6500000.0,48021766.0,41521766.0,2019-10-25
911,  Rattlesnake,2019,4.6,/title/tt9257484/,,,,2019-10-25
912,  Funhouse,2019,5.3,/title/tt6852534/,,110571.0,,2021-05-28
913,  Twin Murders: The Silence of the White City,2019,5.3,/title/tt8393332/,,2579646.0,,2020-03-06
914,  Doctor Sleep,2019,7.3,/title/tt5606664/,45000000.0,72381712.0,27381712.0,2019-11-08
915,  Black Christmas,2019,3.5,/title/tt10481868/,5000000.0,18529730.0,13529730.0,2019-12-13
916,  Yummy,2019,5.9,/title/tt11054164/,676000.0,,,2020-06-25
917,  Awoken,2019,5.1,/title/tt7838536/,1900000.0,348228.0,-1551772.0,2020-05-08
918,  Ghost Stories,2020,4.4,/title/tt10230404/,,,,2020-01-01
919,  The Grudge (I),2020,4.3,/title/tt3612126/,10000000.0,49511319.0,39511319.0,2020-01-03
920,  Underwater,2020,5.8,/title/tt5774060/,80000000.0,40882928.0,-39117072.0,2020-01-10
921,  The Turning,2020,3.9,/title/tt7510346/,14000000.0,19428166.0,5428166.0,2020-01-24
922,  Spree,2020,5.9,/title/tt11394332/,,50616.0,,2020-08-14
923,  The Night House,2020,6.5,/title/tt9731534/,,15437703.0,,2021-08-20
924,  Possessor,2020,6.5,/title/tt5918982/,,911180.0,,2020-10-02
925,  Relic,2020,6,/title/tt9072352/,,2902552.0,,2020-07-10
926,  His House,2020,6.5,/title/tt8508734/,,,,2020-10-30
927,  Gretel & Hansel,2020,5.5,/title/tt9086228/,5000000.0,22304357.0,17304357.0,2020-01-31
928,  Fantasy Island,2020,4.9,/title/tt0983946/,7000000.0,49447308.0,42447308.0,2020-02-14
929,  A Dark Foe,2020,5.9,/title/tt8433210/,,,,2021-07-30
930,  Brahms: The Boy II,2020,4.7,/title/tt9173418/,10000000.0,20311536.0,10311536.0,2020-02-21
931,  Bhoot: Part One - The Haunted Ship,2020,5.4,/title/tt10463030/,,4377328.0,,2020-02-21
932,  The Invisible Man (I),2020,7.1,/title/tt1051906/,7000000.0,144492724.0,137492724.0,2020-02-28
933,  The Vanished,2020,5.7,/title/tt9794630/,2000000.0,,,2020-08-21
934,  Alone (V),2020,6.2,/title/tt7711170/,,651445.0,,2020-09-18
935,  A Quiet Place Part II,2020,7.2,/title/tt8332922/,,297372261.0,,2021-05-28
936,  The Hunt (II),2020,6.5,/title/tt8244784/,14000000.0,10550350.0,-3449650.0,2020-03-13
937,  Nobody Sleeps in the Woods Tonight,2020,4.9,/title/tt11240506/,,,,2020-10-28
938,  Body Cam,2020,5.3,/title/tt8179024/,9591845.0,,,2020-05-18
939,  The Call,2020,7.1,/title/tt10530176/,,,,2020-11-27
940,  Anything for Jackson,2020,6.3,/title/tt12137964/,,496008.0,,2020-12-03
941,  Sputnik,2020,6.4,/title/tt11905962/,3144525.65,354023.0,-2790502.65,2020-07-24
942,  The Dark and the Wicked,2020,6.1,/title/tt10229558/,,463279.0,,2020-11-06
943,  Choke,2020,3.8,/title/tt11127256/,,,,2020-05-10
944,  The Dinner Party,2020,4.8,/title/tt10358198/,,,,2020-06-09
945,  Becky (II),2020,5.9,/title/tt10314450/,,1045873.0,,2020-06-05
946,  You Should Have Left,2020,5.4,/title/tt8201852/,,,,2020-06-18
947,  The Rental,2020,5.7,/title/tt10003008/,3500000.0,4311042.0,811042.0,2020-07-24
948,  #Alive,2020,6.3,/title/tt10620868/,,13432212.0,,2020-09-08
949,  Bulbbul,2020,6.5,/title/tt12393526/,,,,2020-06-24
950,  Black Water: Abyss,2020,4.6,/title/tt7978672/,,1117982.0,,2020-08-07
951,  Tribal Get Out Alive,2020,4.2,/title/tt10126136/,,,,2020-07-07
952,  Follow Me,2020,5.4,/title/tt8160834/,,4377394.0,,2020-09-18
953,  Peninsula,2020,5.5,/title/tt8850222/,,42698327.0,,2020-08-07
954,  Attack on Titan: Chronicle,2020,8.5,/title/tt12415546/,,42908.0,,2020-07-17
955,  Ghosts of War,2020,5.6,/title/tt6508228/,,345289.0,,2020-07-17
956,  Don't Listen,2020,6.1,/title/tt11750282/,,443458.0,,2020-11-27
957,  Host (II),2020,6.5,/title/tt12749596/,,443807.0,,2020-07-30
958,  She Dies Tomorrow,2020,5.1,/title/tt11614912/,,398663.0,,2020-08-07
959,  Antebellum,2020,5.8,/title/tt10065694/,,7792716.0,,2020-09-18
960,  The New Mutants,2020,5.3,/title/tt4682266/,67000000.0,49169594.0,-17830406.0,2020-08-28
961,  Rogue (I),2020,4.1,/title/tt11576124/,,242884.0,,2020-08-28
962,  The Block Island Sound,2020,5.3,/title/tt8747160/,,,,2021-03-11
963,  Attack of the Unknown,2020,4.3,/title/tt8804580/,,,,2020-08-28
964,  Triggered (I),2020,5.1,/title/tt9419976/,,,,2020-11-06
965,  The Swarm,2020,5.3,/title/tt10675724/,2912000.0,280661.0,-2631339.0,2021-08-06
966,  Come True,2020,6,/title/tt7026488/,,70459.0,,2021-03-12
967,  Parallel Minds,2020,4.3,/title/tt7642500/,1575000.0,,,2020-09-01
968,  The Owners,2020,4.9,/title/tt9806370/,,583134.0,,2021-02-22
969,  Bloody Hell,2020,6.5,/title/tt9772374/,,72147.0,,2021-01-14
970,  The Babysitter: Killer Queen,2020,5.8,/title/tt11024272/,,,,2020-09-10
971,  Psycho Goreman,2020,6.2,/title/tt11252440/,1125000.0,95384.0,-1029616.0,2020-09-10
972,  Shadow in the Cloud,2020,5,/title/tt9691136/,,1054290.0,,2021-01-01
973,  Death of Me,2020,4.4,/title/tt1830643/,,292271.0,,2020-10-02
974,  Spontaneous (II),2020,6.5,/title/tt5774062/,,,,2020-10-02
975,  Vampires vs. the Bronx,2020,5.7,/title/tt8976576/,,,,2020-10-02
976,  Nishabdham,2020,5.1,/title/tt9605894/,,,,2020-10-02
977,  Caveat,2020,5.9,/title/tt7917178/,302500.0,78665.0,-223835.0,2021-06-05
978,  Black Box (II),2020,6.2,/title/tt12298506/,,32668.0,,2020-10-06
979,  Books of Blood,2020,5.6,/title/tt11242218/,,,,2020-10-07
980,  Freaky,2020,6.3,/title/tt10919380/,5000000.0,18073433.0,13073433.0,2020-11-13
981,  Vicious Fun,2020,6.5,/title/tt11778118/,,,,2021-06-29
982,  The Old Ways (II),2020,5.4,/title/tt12829958/,,,,2020-10-25
983,  The Wolf of Snow Hollow,2020,6.2,/title/tt11140488/,2000000.0,266963.0,-1733037.0,2020-10-09
984,  Meander,2020,5.5,/title/tt5752192/,,675001.0,,2021-07-09
985,  Nocturne (II),2020,5.7,/title/tt11044858/,,,,2020-10-13
986,  Cadaver,2020,5.2,/title/tt11284280/,,,,2020-10-22
987,  The Witches,2020,5.3,/title/tt0805647/,,29333671.0,,2020-10-22
988,  The Empty Man,2020,6.2,/title/tt5867314/,,4796993.0,,2020-10-23
989,  The Craft: Legacy,2020,4.5,/title/tt4685762/,,1922557.0,,2020-10-28
990,  Come Play,2020,5.7,/title/tt8004664/,,13182254.0,,2020-10-30
991,  Horizon Line,2020,4.8,/title/tt5498354/,,916042.0,,2021-01-12
992,  Spell,2020,5.5,/title/tt10736580/,,500104.0,,2020-10-30
993,  Laxmii,2020,2.6,/title/tt10350922/,,623913.0,,2020-11-09
994,  What Lies Below,2020,4.3,/title/tt9264728/,,21676.0,,2020-12-04
995,  Durgamati: The Myth,2020,4,/title/tt11229134/,,,,2020-12-11
996,  Breach (IV),2020,3,/title/tt9820556/,,39328.0,,2020-12-18
997,  Hunter Hunter,2020,6.4,/title/tt2226162/,,32705.0,,2020-12-18
998,  The Sadness,2021,6.5,/title/tt13872248/,,430254.0,,2022-05-12
999,  Wrong Turn,2021,5.5,/title/tt9110170/,,4829926.0,,2021-02-26
1000,  Censor,2021,6,/title/tt10329614/,,361699.0,,2021-06-11
1001,  In the Earth,2021,5.2,/title/tt13429362/,,1330723.0,,2021-04-16
1002,  Below Zero,2021,6.2,/title/tt9845564/,,,,2021-01-29
1003,  Coming Home in the Dark,2021,5.7,/title/tt6874762/,,77658.0,,2021-10-01
1004,  The Cursed,2021,6.2,/title/tt9907782/,,4588389.0,,2022-02-18
1005,  Prisoners of the Ghostland,2021,4.2,/title/tt6372694/,,80425.0,,2021-09-17
1006,  Fear of Rain,2021,5.9,/title/tt10037014/,,24565.0,,2021-02-12
1007,  Red Dot,2021,5.5,/title/tt11307814/,,,,2021-02-11
1008,  Willy's Wonderland,2021,5.5,/title/tt8114980/,5500000.0,457144.0,-5042856.0,2021-02-12
1009,  The Stairs (I),2021,4.5,/title/tt10083174/,,,,2021-02-26
1010,  Son (I),2021,5.6,/title/tt5624466/,,82328.0,,2021-03-05
1011,  The Beta Test,2021,6.1,/title/tt11738830/,,37536.0,,2021-10-15
1012,  Roohi,2021,4.3,/title/tt10098288/,,2306525.0,,2021-03-11
1013,  The Priest (I),2021,6.2,/title/tt11591306/,1342000.0,110855.0,-1231145.0,2021-03-11
1014,  The Stay,2021,4.8,/title/tt11591424/,,,,2021-03-16
1015,  Gaia,2021,5.6,/title/tt11881160/,,47863.0,,2021-06-18
1016,  The Unholy,2021,5.1,/title/tt9419056/,,30832137.0,,2021-04-02
1017,  Things Heard & Seen,2021,5.3,/title/tt10962368/,,,,2021-04-29
1018,  Great White,2021,4.2,/title/tt8435002/,,635058.0,,2021-07-16
1019,  Spiral,2021,5.2,/title/tt10342730/,20000000.0,40618920.0,20618920.0,2021-05-14
1020,  Army of the Dead,2021,5.7,/title/tt0993840/,70000000.0,,,2021-05-21
1021,  The Conjuring: The Devil Made Me Do It,2021,6.3,/title/tt7069210/,39000000.0,206401480.0,167401480.0,2021-06-04
1022,  Awake (III),2021,4.9,/title/tt10418662/,,154608.0,,2021-06-09
1023,  Werewolves Within,2021,6,/title/tt9288692/,,937490.0,,2021-07-02
1024,  False Positive,2021,4.7,/title/tt10096842/,,,,2021-06-25
1025,  Girl Next,2021,5.1,/title/tt11423214/,1000000.0,,,2021-06-18
1026,  The Deep House,2021,5.4,/title/tt11686490/,,1899068.0,,2021-11-05
1027,"  Batman: The Long Halloween, Part One",2021,7.2,/title/tt14324650/,,,,2021-06-22
1028,  Fear Street: Part One - 1994,2021,6.2,/title/tt6566576/,,,,2021-07-02
1029,  The Forever Purge,2021,5.4,/title/tt10327252/,18000000.0,76994245.0,58994245.0,2021-07-02
1030,  A Classic Horror Story,2021,5.7,/title/tt12877640/,3120000.0,,,2021-07-14
1031,  Escape Room: Tournament of Champions,2021,5.7,/title/tt9844522/,15000000.0,65774490.0,50774490.0,2021-07-16
1032,  Fear Street: Part Two - 1978,2021,6.7,/title/tt9701940/,,,,2021-07-09
1033,  The Medium,2021,6.5,/title/tt13446168/,,8826689.0,,2021-07-14
1034,  The Innocents,2021,7,/title/tt4028464/,,232071.0,,2021-09-03
1035,  Titane,2021,6.6,/title/tt10944760/,5928000.0,4982335.0,-945665.0,2021-10-01
1036,  Lamb,2021,6.3,/title/tt9812474/,,3189087.0,,2021-09-24
1037,  Fear Street: Part Three - 1666,2021,6.6,/title/tt9701942/,,,,2021-07-16
1038,  Old,2021,5.8,/title/tt10954652/,18000000.0,90146510.0,72146510.0,2021-07-23
1039,  Demonic (I),2021,4.3,/title/tt13392012/,,366656.0,,2021-08-20
1040,  Blood Red Sky,2021,6.1,/title/tt6402468/,15600000.0,401834.0,-15198166.0,2021-07-23
1041,"  Batman: The Long Halloween, Part Two",2021,7.1,/title/tt14402926/,,,,2021-07-27
1042,  The Trip,2021,6.9,/title/tt13109952/,,,,2021-10-15
1043,  Aftermath (IV),2021,5.3,/title/tt10691162/,,,,2021-08-04
1044,  Mad God,2021,6.8,/title/tt15090124/,,325042.0,,2022-06-16
1045,  Don't Breathe 2,2021,6,/title/tt6246322/,,53785551.0,,2021-08-13
1046,  The Accursed,2021,5.5,/title/tt5737388/,,83891.0,,2021-11-12
1047,  The Girl Who Got Away,2021,5.5,/title/tt11859012/,,,,2021-08-20
1048,  Candyman,2021,5.9,/title/tt9347730/,22000000.0,77411570.0,55411570.0,2021-08-27
1049,  Wired Shut,2021,5.9,/title/tt9728962/,,,,2021-11-30
1050,  Malignant (I),2021,6.2,/title/tt3811906/,40000000.0,34892041.0,-5107959.0,2021-09-10
1051,  Last Night in Soho,2021,7.1,/title/tt9639470/,43000000.0,22957625.0,-20042375.0,2021-10-29
1052,  Halloween Kills,2021,5.5,/title/tt10665338/,20000000.0,133423964.0,113423964.0,2021-10-15
1053,  Bhoot Police,2021,7,/title/tt10083640/,,,,2021-09-10
1054,  Nightbooks,2021,5.7,/title/tt10521144/,,,,2021-09-15
1055,  There's Someone Inside Your House,2021,4.8,/title/tt8150814/,,,,2021-10-06
1056,  Black Friday (III),2021,4.6,/title/tt11649338/,,1581.0,,2021-11-19
1057,  The Black Phone,2021,6.9,/title/tt7144666/,18000000.0,161204742.0,143204742.0,2022-06-24
1058,  V/H/S/94,2021,5.5,/title/tt14867006/,,,,2021-10-06
1059,  No One Gets Out Alive,2021,5.3,/title/tt13056008/,,,,2021-09-29
1060,  The Addams Family 2,2021,5.4,/title/tt11125620/,,119815153.0,,2021-10-01
1061,  The Manor (I),2021,5.3,/title/tt13372794/,,,,2021-10-08
1062,  Hideout,2021,4.6,/title/tt10899402/,,,,2021-11-09
1063,  Antlers,2021,5.9,/title/tt7740510/,,18867659.0,,2021-10-29
1064,  Night Teeth,2021,5.7,/title/tt10763820/,25000000.0,,,2021-10-20
1065,  Paranormal Activity: Next of Kin,2021,5.2,/title/tt10515988/,,,,2021-10-29
1066,  Resident Evil: Welcome to Raccoon City,2021,5.2,/title/tt6920084/,25000000.0,41914915.0,16914915.0,2021-11-24
1067,  Chhorii,2021,6.8,/title/tt12861212/,,,,2021-11-26
1068,  The Cellar,2022,5.3,/title/tt14550642/,,1649074.0,,2022-04-15
1069,  Scream (I),2022,6.3,/title/tt11245972/,24000000.0,140041405.0,116041405.0,2022-01-14
1070,  Hotel Transylvania: Transformania,2022,6,/title/tt9848626/,,,,2022-01-14
1071,  The House (III),2022,6.8,/title/tt11703050/,,,,2022-01-14
1072,  Fresh,2022,6.7,/title/tt13403046/,,,,2022-03-04
1073,  Master (I),2022,5.2,/title/tt11286210/,,,,2022-03-18
1074,  Watcher (I),2022,6.3,/title/tt12004038/,,2989051.0,,2022-06-03
1075,  Speak No Evil,2022,6.6,/title/tt14253846/,3200000.0,622930.0,-2577070.0,2022-03-17
1076,  Resurrection,2022,5.9,/title/tt11540726/,,161266.0,,2022-01-22
1077,  Hatching,2022,6.2,/title/tt12519030/,4112551.04,503889.0,-3608662.04,2022-03-04
1078,  You Won't Be Alone,2022,6.3,/title/tt8296030/,,335465.0,,2022-04-14
1079,  The Requin,2022,2.6,/title/tt11348232/,8500000.0,130493.0,-8369507.0,2022-01-28
1080,  Those Who Walk Away,2022,5.8,/title/tt12292206/,,,,2022-02-11
1081,  Texas Chainsaw Massacre,2022,4.7,/title/tt11755740/,20000000.0,,,2022-02-18
1082,  Studio 666,2022,5.7,/title/tt15374070/,,3018515.0,,2022-02-25
1083,  Deadstream,2022,6.6,/title/tt12788488/,,1193834.0,,2022-10-06
1084,  X (II),2022,6.6,/title/tt13560574/,,14779858.0,,2022-03-18
1085,  Bodies Bodies Bodies,2022,6.3,/title/tt8110652/,,13903522.0,,2022-08-05
1086,  Umma,2022,4.7,/title/tt13235822/,,2232593.0,,2022-03-18
1087,  Incantation,2022,6.2,/title/tt18968540/,1462500.0,,,2022-07-08
1088,  Morbius,2022,5.2,/title/tt5108870/,75000000.0,167460961.0,92460961.0,2022-04-01
1089,  Choose or Die,2022,4.8,/title/tt11514780/,,,,2022-04-15
1090,  Doctor Strange in the Multiverse of Madness,2022,6.9,/title/tt9419884/,200000000.0,955775804.0,755775804.0,2022-05-06
1091,  Firestarter,2022,4.6,/title/tt1798632/,12000000.0,14889250.0,2889250.0,2022-05-12
1092,  Bhool Bhulaiyaa 2,2022,5.7,/title/tt6455162/,,18307258.0,,2022-05-20
1093,  Men,2022,6.1,/title/tt13841850/,,11152071.0,,2022-05-20
1094,  Crimes of the Future,2022,5.9,/title/tt14549466/,35000000.0,4520550.0,-30479450.0,2022-06-03
1095,  Nope,2022,6.9,/title/tt10954984/,68000000.0,171235592.0,103235592.0,2022-07-22
1096,  Prey (I),2022,7.2,/title/tt11866324/,65000000.0,,,2022-08-05
1097,  They/Them,2022,3.8,/title/tt14502344/,,,,2022-08-05
1098,  Orphan: First Kill,2022,5.9,/title/tt11851548/,10000000.0,37083743.0,27083743.0,2022-08-19
1099,  Beast (I),2022,5.6,/title/tt13223398/,36000000.0,59095809.0,23095809.0,2022-08-19
