,Unnamed: 0,Title,Year,Rating,Link,Budget,Gross,Net,Date,Month
0,1,  Paranormal Activity,2007,6.3,/title/tt1179904/,15000.0,193355800.0,193340800.0,2009-10-16,10.0
1,2,  30 Days of Night,2007,6.6,/title/tt0389722/,30000000.0,75513170.0,45513170.0,2007-10-19,10.0
2,3,  Boogeyman 2,2007,5.0,/title/tt0900357/,4500000.0,1798418.0,-2701582.0,2008-01-08,1.0
3,4,  Saw IV,2007,5.9,/title/tt0890870/,10000000.0,139352633.0,129352633.0,2007-10-26,10.0
4,6,  Beowulf,2007,6.3,/title/tt0442933/,150000000.0,196393745.0,46393745.0,2007-11-16,11.0
5,7,  P2,2007,5.9,/title/tt0804516/,8000000.0,7766240.0,-233760.0,2007-11-09,11.0
6,8,  Gabriel,2007,5.5,/title/tt0857376/,136000.0,1395610.0,1259610.0,2007-11-15,11.0
7,9,  Sweeney Todd: The Demon Barber of Fleet Street,2007,7.3,/title/tt0408236/,50000000.0,153383627.0,103383627.0,2007-12-21,12.0
8,11,  Kutsal Damacana,2007,5.1,/title/tt1092011/,2000000.0,4866495.0,2866495.0,2007-12-20,12.0
9,12,  Aliens vs. Predator: Requiem,2007,4.6,/title/tt0758730/,40000000.0,130290885.0,90290885.0,2007-12-25,12.0
10,13,  Eden Log,2007,5.2,/title/tt1087842/,2360800.0,157350.0,-2203450.0,2007-12-26,12.0
11,14,  One Missed Call,2008,4.0,/title/tt0479968/,20000000.0,45847751.0,25847751.0,2008-01-04,1.0
12,15,  Cloverfield,2008,7.0,/title/tt1060277/,25000000.0,172394180.0,147394180.0,2008-01-18,1.0
13,16,  The Oxford Murders,2008,6.1,/title/tt0488604/,10000000.0,17646627.0,7646627.0,2010-07-02,7.0
14,17,  The Broken,2008,5.4,/title/tt0906734/,4840000.0,1688551.0,-3151449.0,2008-11-26,11.0
15,19,  Donkey Punch,2008,5.2,/title/tt0988849/,1089000.0,694422.0,-394578.0,2008-07-18,7.0
16,20,  Let the Right One In,2008,7.9,/title/tt1139797/,4000000.0,11227336.0,7227336.0,2008-12-12,12.0
17,21,  The Eye,2008,5.4,/title/tt0406759/,12000000.0,58010320.0,46010320.0,2008-02-01,2.0
18,22,  Dark Floors,2008,4.4,/title/tt0985025/,4472000.0,772687.0,-3699313.0,2008-02-08,2.0
19,23,  The Cottage,2008,6.1,/title/tt0465430/,3025000.0,1626080.0,-1398920.0,2008-03-14,3.0
20,27,  Outpost,2008,5.8,/title/tt0892899/,300000.0,463377.0,163377.0,2008-03-11,3.0
21,28,  Shutter (I),2008,5.2,/title/tt0482599/,8000000.0,48555306.0,40555306.0,2008-03-21,3.0
22,30,  The Ruins,2008,5.9,/title/tt0963794/,8000000.0,22818256.0,14818256.0,2008-04-04,4.0
23,31,  Prom Night (I),2008,3.9,/title/tt0926129/,20000000.0,57197876.0,37197876.0,2008-04-11,4.0
24,32,  The Objective,2008,5.4,/title/tt0962711/,4000000.0,95.0,-3999905.0,2008-04-24,4.0
25,34,  Dying Breed,2008,5.3,/title/tt1064744/,2040000.0,370294.0,-1669706.0000000002,2008-11-06,11.0
26,36,  The Midnight Meat Train,2008,6.0,/title/tt0805570/,15000000.0,3534313.0,-11465687.0,2008-10-31,10.0
27,37,  The Strangers,2008,6.1,/title/tt0482606/,9000000.0,82410456.0,73410456.0,2008-05-30,5.0
28,39,  Martyrs,2008,7.0,/title/tt1029234/,3525600.0,1149138.0,-2376462.0,2008-09-03,9.0
29,40,  Lake Mungo,2008,6.3,/title/tt0816556/,952000.0,8128.0,-943872.0,2008-06-18,6.0
30,41,  Hellboy II: The Golden Army,2008,7.0,/title/tt0411477/,85000000.0,168319243.0,83319243.0,2008-07-11,7.0
31,43,  The Echo (I),2008,5.5,/title/tt0897347/,5000000.0,1508127.0,-3491873.0,2009-05-28,5.0
32,44,  Repo! The Genetic Opera,2008,6.4,/title/tt0963194/,8500000.0,188126.0,-8311874.0,2008-11-20,11.0
33,45,  The X Files: I Want to Believe,2008,5.9,/title/tt0443701/,30000000.0,69363381.0,39363381.0,2008-07-25,7.0
34,46,  The Mummy: Tomb of the Dragon Emperor,2008,5.2,/title/tt0859163/,145000000.0,403449830.0,258449830.0,2008-08-01,8.0
35,47,  100 Feet,2008,5.5,/title/tt0899128/,10000000.0,1415804.0,-8584196.0,2008-07-24,7.0
36,48,  Dorothy Mills,2008,6.0,/title/tt1034306/,500000.0,2682733.0,2182733.0,2008-08-06,8.0
37,50,  Mirrors (I),2008,6.1,/title/tt0790686/,35000000.0,78094714.0,43094714.0,2008-08-15,8.0
38,51,  Hush (V),2008,6.0,/title/tt1093369/,1210000.0,288667.0,-921333.0,2009-03-13,3.0
39,52,  Mum & Dad,2008,5.9,/title/tt1129428/,121000.0,2698.0,-118302.0,2008-12-26,12.0
40,53,  Autopsy,2008,5.0,/title/tt0443435/,2000000.0,115800.0,-1884200.0,2009-06-25,6.0
41,54,  Vinyan,2008,5.3,/title/tt1029241/,4264000.0,156944.0,-4107056.0,2008-10-01,10.0
42,55,  Sauna,2008,6.2,/title/tt1124394/,967906.16,192492.0,-775414.16,2008-10-24,10.0
43,57,  Pontypool,2008,6.5,/title/tt1226681/,950000.0,32118.0,-917882.0,2009-09-18,9.0
44,59,  Igor,2008,5.9,/title/tt0465502/,25000000.0,30893885.0,5893885.0,2008-09-19,9.0
45,61,  Amusement,2008,4.9,/title/tt0476958/,10000000.0,170255.0,-9829745.0,2008-10-09,10.0
46,63,  I Sell the Dead,2008,6.0,/title/tt0902290/,750000.0,8050.0,-741950.0,2009-01-16,1.0
47,64,  Quarantine,2008,5.9,/title/tt1082868/,12000000.0,41319906.0,29319906.0,2008-10-10,10.0
48,68,  Saw V,2008,5.8,/title/tt1132626/,10800000.0,113864059.0,103064059.0,2008-10-24,10.0
49,71,  The Haunting of Molly Hartley,2008,3.9,/title/tt1045655/,5000000.0,15418749.0,10418749.0,2008-10-31,10.0
50,72,  House,2008,4.5,/title/tt0837796/,2500000.0,1141018.0,-1358982.0,2008-11-07,11.0
51,75,  Kill Theory,2009,5.3,/title/tt0893532/,6000000.0,397941.0,-5602059.0,2009-01-08,1.0
52,76,  My Bloody Valentine,2009,5.4,/title/tt1179891/,15000000.0,100734718.0,85734718.0,2009-01-16,1.0
53,77,  The Unborn,2009,4.7,/title/tt1139668/,16000000.0,76514050.0,60514050.0,2009-01-09,1.0
54,78,  Dead Snow,2009,6.3,/title/tt1278340/,800000.0,2166797.0,1366797.0,2009-01-09,1.0
55,79,  Grace (III),2009,5.2,/title/tt1220213/,5000000.0,8297.0,-4991703.0,2009-09-15,9.0
56,82,  Friday the 13th,2009,5.5,/title/tt0758746/,19000000.0,91509154.0,72509154.0,2009-02-13,2.0
57,83,  Walled In,2009,4.7,/title/tt1104006/,6000000.0,270888.0,-5729112.0,2009-06-19,6.0
58,85,  Book of Blood,2009,5.2,/title/tt1169809/,6000000.0,567723.0,-5432277.0,2009-05-08,5.0
59,86,  The Last House on the Left,2009,6.5,/title/tt0844708/,15000000.0,45995223.0,30995223.0,2009-03-13,3.0
60,87,  Drag Me to Hell,2009,6.6,/title/tt1127180/,30000000.0,90842646.0,60842646.0,2009-05-29,5.0
61,90,  The Haunting in Connecticut,2009,5.8,/title/tt0492044/,10000000.0,77578320.0,67578320.0,2009-03-27,3.0
62,91,  Blood: The Last Vampire,2009,5.2,/title/tt0806027/,30000000.0,5874530.0,-24125470.0,2009-06-04,6.0
63,93,  Tell Tale,2009,5.4,/title/tt1135095/,12000000.0,367586.0,-11632414.0,2009-12-31,12.0
64,94,  The House of the Devil,2009,6.3,/title/tt1172994/,900000.0,101215.0,-798785.0,2009-04-25,4.0
65,95,  Thirst,2009,7.1,/title/tt0762073/,5000000.0,13085023.0,8085023.0,2009-04-30,4.0
66,96,  The Grudge 3,2009,4.6,/title/tt1053859/,5000000.0,1869127.0,-3130873.0,2009-06-02,6.0
67,98,  Don't Look Back,2009,5.8,/title/tt1075113/,13520000.0,2651917.0,-10868083.0,2009-06-03,6.0
68,99,  Antichrist,2009,6.5,/title/tt0870984/,11000000.0,7413863.0,-3586137.0,2009-05-20,5.0
69,100,  Tormented (I),2009,5.1,/title/tt1100053/,847000.0,1362653.0,515653.0,2009-05-22,5.0
70,101,  The Devil's Tomb,2009,3.7,/title/tt1147687/,10000000.0,220925.0,-9779075.0,2009-10-24,10.0
71,103,  Doghouse,2009,6.0,/title/tt1023500/,4000000.0,179836.0,-3820164.0,2009-06-12,6.0
72,104,  High Lane,2009,5.6,/title/tt1433562/,2464800.0,2141798.0,-323002.0,2009-06-24,6.0
73,106,  Infestation,2009,5.8,/title/tt1020543/,3500000.0,36756.0,-3463244.0,2009-11-28,11.0
74,109,  Orphan,2009,7.0,/title/tt1148204/,20000000.0,77912251.0,57912251.0,2009-07-24,7.0
75,110,  The Collector (I),2009,6.3,/title/tt0844479/,6000000.0,10234475.0,4234475.0,2009-07-31,7.0
76,111,  Case 39,2009,6.2,/title/tt0795351/,26000000.0,28190603.0,2190603.0,2010-10-01,10.0
77,116,  The Final Destination,2009,5.1,/title/tt1144884/,40000000.0,186167139.0,146167139.0,2009-08-28,8.0
78,118,  Halloween II,2009,4.8,/title/tt1311067/,15000000.0,39421467.0,24421467.0,2009-08-28,8.0
79,120,  Night of the Demons,2009,4.6,/title/tt1268809/,10000000.0,64040.0,-9935960.0,2011-05-26,5.0
80,121,  The Human Centipede (First Sequence),2009,4.4,/title/tt1467304/,1560000.0,325113.0,-1234887.0,2010-04-28,4.0
81,122,  Heartless (I),2009,5.9,/title/tt1220214/,5000000.0,20435.0,-4979565.0,2010-11-19,11.0
82,123,  [Rec]Â²,2009,6.5,/title/tt1245112/,5600000.0,18853164.0,13253164.0,2009-10-02,10.0
83,124,  Survival of the Dead,2009,4.8,/title/tt1134854/,4000000.0,386078.0,-3613922.0,2010-05-06,5.0
84,125,  Sorority Row,2009,5.1,/title/tt1232783/,12500000.0,27206120.0,14706120.0,2009-09-11,9.0
85,126,  Jennifer's Body,2009,5.4,/title/tt1131734/,16000000.0,31556061.0,15556061.0,2009-09-18,9.0
86,127,  Daybreakers,2009,6.4,/title/tt0433362/,20000000.0,51417188.0,31417188.0,2010-01-08,1.0
87,129,  Solomon Kane,2009,6.1,/title/tt0970452/,45000000.0,19652185.0,-25347815.0,2012-08-24,8.0
88,132,  Zombieland,2009,7.6,/title/tt1156398/,23600000.0,102392080.0,78792080.0,2009-10-02,10.0
89,133,  Pandorum,2009,6.7,/title/tt1188729/,33000000.0,20648328.0,-12351672.0,2009-09-25,9.0
90,136,  Splice,2009,5.8,/title/tt1017460/,30000000.0,27127620.0,-2872380.0,2010-06-04,6.0
91,137,  Where the Wild Things Are,2009,6.7,/title/tt0386117/,100000000.0,100140916.0,140916.0,2009-10-16,10.0
92,139,  Saw VI,2009,6.0,/title/tt1233227/,11000000.0,68234154.0,57234154.0,2009-10-23,10.0
93,140,  The Fourth Kind,2009,5.9,/title/tt1220198/,10000000.0,47719794.0,37719794.0,2009-11-06,11.0
94,142,  The New Daughter,2009,5.3,/title/tt0951335/,15000000.0,579626.0,-14420374.0,2010-10-07,10.0
95,144,  Legion,2010,5.2,/title/tt1038686/,26000000.0,67918658.0,41918658.0,2010-01-22,1.0
96,145,  7 Days,2010,6.5,/title/tt0445054/,2550000.0,1259.0,-2548741.0,2010-11-12,11.0
97,149,  The Wolfman,2010,5.8,/title/tt0780653/,150000000.0,139789765.0,-10210235.0,2010-02-12,2.0
98,150,  The Final (I),2010,5.3,/title/tt1390535/,1000000.0,28491.0,-971509.0,2013-02-07,2.0
99,152,  The Crazies,2010,6.5,/title/tt0455407/,20000000.0,54806823.0,34806823.0,2010-02-26,2.0
100,155,  6 Souls,2010,6.0,/title/tt1179069/,22000000.0,3205167.0,-18794833.0,2013-03-01,3.0
101,157,  A Nightmare on Elm Street,2010,5.2,/title/tt1179056/,35000000.0,115695182.0,80695182.0,2010-04-30,4.0
102,158,  I Spit on Your Grave,2010,6.2,/title/tt1242432/,2000000.0,1278650.0,-721350.0,2010-06-17,6.0
103,160,  Bedevilled,2010,7.3,/title/tt1646959/,700000.0,1129687.0,429687.0,2010-09-02,9.0
104,161,  Rubber,2010,5.7,/title/tt1612774/,500000.0,101729.0,-398271.0,2010-11-10,11.0
105,162,  La casa muda,2010,5.3,/title/tt1646973/,6000.0,1149327.0,1143327.0,2011-03-04,3.0
106,165,  The Last Exorcism,2010,5.7,/title/tt1320244/,1800000.0,69432527.0,67632527.0,2010-08-27,8.0
107,166,  Bereavement,2010,5.0,/title/tt1100051/,3600000.0,43712.0,-3556288.0,2010-07-16,7.0
108,168,  The Shrine,2010,5.5,/title/tt1341710/,1125000.0,102344.0,-1022656.0,2010-10-14,10.0
109,169,  Rare Exports,2010,6.6,/title/tt1401143/,2025920.0,4087363.0,2061443.0,2010-12-03,12.0
110,171,  Vampires Suck,2010,3.4,/title/tt1666186/,20000000.0,80547866.0,60547866.0,2010-08-18,8.0
111,172,  Piranha 3D,2010,5.5,/title/tt0464154/,24000000.0,83188165.0,59188165.0,2010-08-20,8.0
112,174,  Hatchet II,2010,5.4,/title/tt1270835/,800000.0,156190.0,-643810.0,,
113,176,  The Tortured,2010,5.4,/title/tt1017464/,8500000.0,319421.0,-8180579.0,2012-09-28,9.0
114,178,  Resident Evil: Afterlife,2010,5.8,/title/tt1220634/,60000000.0,300228084.0,240228084.0,2010-09-10,9.0
115,179,  The Last Circus,2010,6.5,/title/tt1572491/,7280000.0,3604598.0,-3675402.0,2010-12-17,12.0
116,180,  Los ojos de Julia,2010,6.7,/title/tt1512685/,5200000.0,16934369.0,11734369.0,2010-10-29,10.0
117,181,  Vanishing on 7th Street,2010,4.9,/title/tt1452628/,10000000.0,1671196.0,-8328804.0,2011-02-05,2.0
118,182,  Let Me In (I),2010,7.1,/title/tt1228987/,20000000.0,27093592.0,7093592.0,2010-10-01,10.0
119,183,  The Ward,2010,5.5,/title/tt1369706/,10000000.0,5343820.0,-4656180.0,2011-07-08,7.0
120,184,  Insidious (I),2010,6.8,/title/tt1591095/,1500000.0,100106454.0,98606454.0,2011-04-01,4.0
121,185,  Devil,2010,6.3,/title/tt1314655/,10000000.0,62695489.0,52695489.0,2010-09-17,9.0
122,186,  Stake Land,2010,6.4,/title/tt1464580/,650000.0,405380.0,-244620.0,2011-06-17,6.0
123,187,  Chain Letter,2010,4.1,/title/tt1148200/,3000000.0,855185.0,-2144815.0,2010-11-11,11.0
124,188,  Mother's Day (I),2010,6.2,/title/tt1434435/,11000000.0,863044.0,-10136956.0,2011-05-05,5.0
125,191,  My Soul to Take,2010,4.7,/title/tt0872230/,25000000.0,21500813.0,-3499187.0,2010-10-08,10.0
126,192,  We Are the Night,2010,6.2,/title/tt1692504/,6760000.0,2405336.0,-4354664.0,2010-10-28,10.0
127,194,  Paranormal Activity 2,2010,5.7,/title/tt1536044/,3000000.0,177512032.0,174512032.0,2010-10-22,10.0
128,195,  Saw 3D,2010,5.5,/title/tt1477076/,20000000.0,136151680.0,116151680.0,2010-10-29,10.0
129,196,  Trollhunter,2010,6.9,/title/tt1740707/,1990000.0,5341098.0,3351098.0,2010-10-29,10.0
130,198,  Don't Be Afraid of the Dark,2010,5.5,/title/tt1270761/,25000000.0,38269529.0,13269529.0,2011-08-26,8.0
131,201,  Gantz,2010,6.4,/title/tt1525835/,22000000.0,40568961.0,18568961.0,2011-01-29,1.0
132,202,  Beyond the Black Rainbow,2010,5.9,/title/tt1534085/,825000.0,56491.0,-768509.0,2011-04-22,4.0
133,204,  Dylan Dog: Dead of Night,2010,5.1,/title/tt1013860/,20000000.0,5782515.0,-14217485.0,2011-04-29,4.0
134,205,  Hobo with a Shotgun,2011,6.1,/title/tt1640459/,3000000.0,748453.0,-2251547.0,2011-05-12,5.0
135,206,  Silent House,2011,5.2,/title/tt1767382/,2000000.0,16527747.0,14527747.0,2012-03-09,3.0
136,207,  Red State,2011,6.1,/title/tt0873886/,4000000.0,1874460.0,-2125540.0,2011-09-30,9.0
137,209,  Take Shelter,2011,7.3,/title/tt1675192/,5000000.0,3741098.0,-1258902.0,2011-11-10,11.0
138,210,  The Rite,2011,6.0,/title/tt1161864/,37000000.0,96560591.0,59560591.0,2011-01-28,1.0
139,214,  The Roommate (I),2011,4.8,/title/tt1265990/,16000000.0,40492652.0,24492652.0,2011-02-04,2.0
140,215,  The Resident,2011,5.3,/title/tt1334102/,20000000.0,6742156.0,-13257844.0,2011-03-11,3.0
141,216,  Absentia (I),2011,5.8,/title/tt1610996/,70000.0,8555.0,-61445.0,2013-04-11,4.0
142,217,  Red Riding Hood,2011,5.4,/title/tt1486185/,42000000.0,90260376.0,48260376.0,2011-03-11,3.0
143,218,  The Innkeepers,2011,5.5,/title/tt1594562/,750000.0,1178831.0,428831.0,2011-03-12,3.0
144,219,  Kill List,2011,6.4,/title/tt1788391/,605000.0,450275.0,-154725.0,2011-09-02,9.0
145,220,  The Divide,2011,5.8,/title/tt1535616/,3000000.0,145676.0,-2854324.0,2012-04-20,4.0
146,223,  Scream 4,2011,6.2,/title/tt1262416/,40000000.0,97231420.0,57231420.0,2011-04-15,4.0
147,225,  Grave Encounters,2011,6.1,/title/tt1703199/,75000.0,4055919.0,3980919.0,2011-09-09,9.0
148,226,  Priest,2011,5.7,/title/tt0822847/,60000000.0,78309505.0,18309505.0,2011-05-13,5.0
149,231,  The Skin I Live In,2011,7.6,/title/tt1189073/,10403030.56,33716389.0,23313358.44,2011-09-02,9.0
150,232,  The Tunnel (I),2011,5.8,/title/tt1735485/,135000.0,1532.0,-133468.0,2011-05-19,5.0
151,237,  Final Destination 5,2011,5.9,/title/tt1622979/,40000000.0,157887643.0,117887643.0,2011-08-12,8.0
152,238,  Fright Night,2011,6.4,/title/tt1438176/,30000000.0,41002607.0,11002607.0,2011-08-19,8.0
153,241,  Inbred,2011,5.3,/title/tt1723124/,1512500.0,24.0,-1512476.0,2012-09-21,9.0
154,242,  Shark Night,2011,4.0,/title/tt1633356/,25000000.0,41363927.0,16363927.0,2011-09-02,9.0
155,243,  Apollo 18,2011,5.2,/title/tt1772240/,5000000.0,26236153.0,21236153.0,2011-09-02,9.0
156,247,  You're Next,2011,6.6,/title/tt1853739/,1000000.0,26895481.0,25895481.0,2013-08-23,8.0
157,249,  Twixt,2011,4.7,/title/tt1756851/,7000000.0,647839.0,-6352161.0,2012-04-11,4.0
158,250,  Intruders (I),2011,5.4,/title/tt1634121/,10400000.0,5486559.0,-4913441.0,2011-10-07,10.0
159,251,  Lovely Molly,2011,5.3,/title/tt1707392/,1000000.0,638274.0,-361726.0,2012-06-29,6.0
160,252,  The Awakening (I),2011,6.4,/title/tt1687901/,3630000.0,6879667.0,3249667.0,2011-11-11,11.0
161,254,  The Hidden Face,2011,7.3,/title/tt1772250/,2600000.0,6318409.0,3718409.0,2011-09-16,9.0
162,256,  Sleep Tight,2011,7.2,/title/tt1437358/,5000000.0,8791590.0,3791590.0,2011-10-14,10.0
163,257,  The Monitor,2011,5.7,/title/tt1595833/,2500000.0,1417397.0,-1082603.0,2011-10-07,10.0
164,258,  The Thing (I),2011,6.2,/title/tt0905372/,38000000.0,31505287.0,-6494713.0,2011-10-14,10.0
165,260,  Paranormal Activity 3,2011,5.8,/title/tt1778304/,5000000.0,207039844.0,202039844.0,2011-10-21,10.0
166,261,  Beneath the Darkness,2011,4.5,/title/tt1781775/,7300000.0,23998.0,-7276002.0,2012-03-22,3.0
167,263,  The Cabin in the Woods,2011,7.0,/title/tt1259521/,30000000.0,70038838.0,40038838.0,2012-04-13,4.0
168,264,  The Darkest Hour,2011,4.9,/title/tt1093357/,30000000.0,64626786.0,34626786.0,2011-12-25,12.0
169,265,  The Devil Inside,2012,4.2,/title/tt1560985/,1000000.0,101758490.0,100758490.0,2012-01-06,1.0
170,267,  Elevator (V),2012,5.3,/title/tt1728975/,200000.0,14221.0,-185779.0,2012-01-20,1.0
171,268,  Underworld: Awakening,2012,6.3,/title/tt1496025/,70000000.0,160112671.0,90112671.0,2012-01-20,1.0
172,269,  The Pact (II),2012,5.7,/title/tt2040560/,400000.0,5664404.0,5264404.0,2012-06-08,6.0
173,272,  V/H/S,2012,5.8,/title/tt2105044/,242000.0,1944287.0,1702287.0,2012-09-06,9.0
174,273,  Grabbers,2012,6.3,/title/tt1525366/,4840000.0,427335.0,-4412665.0,2012-08-10,8.0
175,275,  The Woman in Black,2012,6.4,/title/tt1596365/,17000000.0,128955898.0,111955898.0,2012-02-03,2.0
176,276,  Thale,2012,5.5,/title/tt2112287/,1200000.0,296500.0,-903500.0,2012-02-17,2.0
177,278,  ATM (I),2012,4.7,/title/tt1603257/,3000000.0,921752.0,-2078248.0,2012-03-02,3.0
178,279,  [REC] 3: Genesis,2012,5.0,/title/tt1649444/,6400000.0,11019975.0,4619975.0,2012-03-30,3.0
179,281,  Sinister (I),2012,6.8,/title/tt1922777/,3000000.0,82515113.0,79515113.0,2012-10-12,10.0
180,283,  The Tall Man,2012,5.9,/title/tt1658837/,15600000.0,7462847.0,-8137153.0,2012-09-05,9.0
181,284,  In Their Skin,2012,5.3,/title/tt1790869/,4000000.0,106919.0,-3893081.0,2012-11-09,11.0
182,287,  Dark Shadows,2012,6.2,/title/tt1077368/,150000000.0,245527149.0,95527149.0,2012-05-11,5.0
183,288,  Piranha 3DD,2012,3.8,/title/tt1714203/,5000000.0,8518634.0,3518634.0,2012-05-11,5.0
184,289,  Antiviral,2012,5.7,/title/tt2099556/,2400000.0,61808.0,-2338192.0,2013-02-13,2.0
185,291,  Sightseers,2012,6.5,/title/tt2023690/,1573000.0,2122909.0,549909.0,2013-05-10,5.0
186,292,  Chernobyl Diaries,2012,5.0,/title/tt1991245/,1000000.0,38390020.0,37390020.0,2012-05-25,5.0
187,293,  Maniac,2012,6.1,/title/tt2103217/,6000000.0,2631275.0,-3368725.0,2013-01-02,1.0
188,294,  A Fantastic Fear of Everything,2012,5.8,/title/tt2006040/,1815000.0,96948.0,-1718052.0,2012-06-08,6.0
189,295,  Abraham Lincoln: Vampire Hunter,2012,5.9,/title/tt1611224/,69000000.0,116471580.0,47471580.0,2012-06-22,6.0
190,300,  Truth or Die (II),2012,5.6,/title/tt1838722/,1000000.0,2504058.0,1504058.0,2012-08-06,8.0
191,303,  The Apparition,2012,4.1,/title/tt1433822/,17000000.0,11350665.0,-5649335.0,2012-08-24,8.0
192,305,  Universal Soldier: Day of Reckoning,2012,5.0,/title/tt1659343/,10000000.0,1402307.0,-8597693.0,2012-10-25,10.0
193,308,  Vamps,2012,5.2,/title/tt1545106/,16000000.0,92748.0,-15907252.0,2012-11-02,11.0
194,310,  The Possession (I),2012,5.9,/title/tt0431021/,14000000.0,85446075.0,71446075.0,2012-08-31,8.0
195,311,  Resident Evil: Retribution,2012,5.3,/title/tt1855325/,65000000.0,240159255.0,175159255.0,2012-09-14,9.0
196,312,  Bait (III),2012,5.2,/title/tt1438173/,20400000.0,33492566.0,13092566.0,2012-09-20,9.0
197,313,  Hotel Transylvania,2012,7.0,/title/tt0837562/,85000000.0,358375603.0,273375603.0,2012-09-28,9.0
198,314,  No One Lives,2012,5.9,/title/tt1763264/,2900000.0,1048704.0,-1851296.0,2013-05-10,5.0
199,315,  Byzantium,2012,6.5,/title/tt1531901/,9680000.0,828284.0,-8851716.0,2013-05-31,5.0
200,316,  The Lords of Salem,2012,5.2,/title/tt1731697/,1500000.0,1544989.0,44989.0,2013-04-18,4.0
201,317,  Aftershock,2012,4.8,/title/tt1780762/,2000000.0,294696.0,-1705304.0,2014-06-12,6.0
202,320,  Frankenweenie,2012,6.9,/title/tt1142977/,39000000.0,84247681.0,45247681.0,2012-10-05,10.0
203,321,  House at the End of the Street,2012,5.5,/title/tt1582507/,10000000.0,44287131.0,34287131.0,2012-09-21,9.0
204,322,  The Collection (II),2012,6.1,/title/tt1748227/,7500000.0,9929706.0,2429706.0,2012-11-30,11.0
205,326,  Grave Encounters 2,2012,5.1,/title/tt2231554/,1400000.0,1552486.0,152486.0,2012-10-02,10.0
206,327,  Gallowwalkers,2012,3.6,/title/tt0829176/,17000000.0,141696.0,-16858304.0,2014-03-15,3.0
207,331,  Paranormal Activity 4,2012,4.6,/title/tt2109184/,5000000.0,142802657.0,137802657.0,2012-10-19,10.0
208,333,  Silent Hill: Revelation,2012,4.9,/title/tt0938330/,20000000.0,55362705.0,35362705.0,2012-10-26,10.0
209,335,  Silent Night (I),2012,5.2,/title/tt2347497/,5000000.0,130781.0,-4869219.0,2012-12-04,12.0
210,336,  Apartment 1303 3D,2012,2.5,/title/tt1540767/,5000000.0,3377891.0,-1622109.0,2013-07-25,7.0
211,337,  Texas Chainsaw,2013,4.8,/title/tt1572315/,20000000.0,47340586.0,27340586.0,2013-01-04,1.0
212,338,  A Haunted House,2013,5.0,/title/tt2243537/,2500000.0,60159584.0,57659584.0,2013-01-11,1.0
213,339,  Warm Bodies,2013,6.8,/title/tt1588173/,35000000.0,116980662.0,81980662.0,2013-02-01,2.0
214,340,  Hansel & Gretel: Witch Hunters,2013,6.1,/title/tt1428538/,50000000.0,226349749.0,176349749.0,2013-01-25,1.0
215,341,  Mama (I),2013,6.2,/title/tt2023587/,15000000.0,146428180.0,131428180.0,2013-01-18,1.0
216,346,  Hell Baby,2013,4.9,/title/tt2318527/,2500000.0,8785.0,-2491215.0,,
217,351,  The Haunting in Connecticut 2: Ghosts of Georgia,2013,5.3,/title/tt1457765/,9000000.0,5127434.0,-3872566.0,2013-02-01,2.0
218,353,  Dark Skies,2013,6.3,/title/tt2387433/,3500000.0,27858103.0,24358103.0,2013-02-22,2.0
219,355,  The Last Exorcism Part II,2013,4.0,/title/tt2034139/,5000000.0,25051865.0,20051865.0,2013-03-01,3.0
220,356,  Evil Dead,2013,6.5,/title/tt1288558/,17000000.0,97542952.0,80542952.0,2013-04-05,4.0
221,357,  Cheap Thrills (I),2013,6.7,/title/tt2389182/,200000.0,59424.0,-140576.0,2014-03-21,3.0
222,361,  The Call (II),2013,6.7,/title/tt1911644/,13000000.0,68572631.0,55572631.0,2013-03-15,3.0
223,362,  The Last Days,2013,6.1,/title/tt1935914/,5200000.0,4343816.0,-856184.0,2013-03-27,3.0
224,363,  Pee Mak,2013,7.2,/title/tt2776344/,1813500.0,20896252.0,19082752.0,2013-03-28,3.0
225,364,  Odd Thomas,2013,6.8,/title/tt1767354/,27000000.0,1149267.0,-25850733.0,2014-02-28,2.0
226,365,  Scary Movie V,2013,3.5,/title/tt0795461/,20000000.0,78378744.0,58378744.0,2013-04-12,4.0
227,370,  The Purge (I),2013,5.7,/title/tt2184339/,3000000.0,89328627.0,86328627.0,2013-06-07,6.0
228,372,  Borgman,2013,6.7,/title/tt1954315/,3224000.0,1052010.0,-2171990.0,2013-08-29,8.0
229,373,  The Last Days on Mars,2013,5.5,/title/tt1709143/,8470000.0,187191.0,-8282809.0,2013-09-19,9.0
230,374,  Only Lovers Left Alive,2013,7.2,/title/tt1714915/,7000000.0,7609187.0,609187.0,2013-12-25,12.0
231,376,  World War Z,2013,7.0,/title/tt0816711/,190000000.0,540455876.0,350455876.0,2013-06-21,6.0
232,377,  The Conjuring,2013,7.5,/title/tt1457767/,20000000.0,320406242.0,300406242.0,2013-07-19,7.0
233,379,  The House at the End of Time,2013,6.7,/title/tt2640474/,300000.0,4588899.0,4288899.0,2013-06-21,6.0
234,383,  The Mortal Instruments: City of Bones,2013,5.8,/title/tt1538403/,60000000.0,95396573.0,35396573.0,2013-08-21,8.0
235,388,  Under the Skin (I),2013,6.3,/title/tt1441395/,13300000.0,5866389.0,-7433611.0,2014-03-14,3.0
236,389,  Wolf Creek 2,2013,6.1,/title/tt2004432/,7200000.0,4383978.0,-2816022.0,2014-04-17,4.0
237,390,  Rigor Mortis,2013,6.3,/title/tt2771800/,1920000.0,3018374.0,1098374.0,2014-06-06,6.0
238,391,  The Sacrament,2013,6.1,/title/tt2383068/,4000000.0,9221.0,-3990779.0,2014-05-01,5.0
239,394,  Oculus,2013,6.5,/title/tt2388715/,5000000.0,44459951.0,39459951.0,2014-04-11,4.0
240,395,  The Green Inferno,2013,5.3,/title/tt2403021/,5000000.0,12666449.0,7666449.0,2015-09-25,9.0
241,397,  Insidious: Chapter 2,2013,6.5,/title/tt2226417/,5000000.0,161919318.0,156919318.0,2013-09-13,9.0
242,400,  Nothing Left to Fear,2013,4.4,/title/tt1662293/,3000000.0,1675381.0,-1324619.0,2013-09-26,9.0
243,401,  Nurse,2013,4.5,/title/tt1913166/,10000000.0,706617.0,-9293383.0,2013-10-24,10.0
244,402,  Carrie,2013,5.8,/title/tt1939659/,30000000.0,84790678.0,54790678.0,2013-10-18,10.0
245,404,  Gallows Hill,2013,5.2,/title/tt2387408/,2500000.0,1498262.0,-1001738.0,2014-08-29,8.0
246,405,  The Returned,2013,5.9,/title/tt2093270/,5000000.0,612521.0,-4387479.0,2013-11-15,11.0
247,407,  Wer,2013,5.9,/title/tt2229511/,2500000.0,860940.0,-1639060.0,2014-08-19,8.0
248,408,  The Den,2013,6.0,/title/tt2503154/,500000.0,410129.0,-89871.0,2014-03-14,3.0
249,409,  Paranormal Activity: The Marked Ones,2014,5.0,/title/tt2473682/,5000000.0,90894962.0,85894962.0,2014-01-03,1.0
250,410,  Devil's Due,2014,4.1,/title/tt2752758/,7000000.0,36921560.0,29921560.0,2014-01-17,1.0
251,411,  The Babadook,2014,6.8,/title/tt2321549/,2000000.0,10484459.0,8484459.0,2014-11-28,11.0
252,415,  Life After Beth,2014,5.6,/title/tt2581244/,2400000.0,274717.0,-2125283.0,2014-07-15,7.0
253,416,  Dead Snow 2: Red vs. Dead,2014,6.8,/title/tt2832470/,3500000.0,1187477.0,-2312523.0,2014-10-07,10.0
254,417,  What We Do in the Shadows,2014,7.6,/title/tt3416742/,1600000.0,7412611.0,5812611.0,2015-02-13,2.0
255,420,  Vampire Academy,2014,5.4,/title/tt1686821/,30000000.0,15642346.0,-14357654.0,2014-02-07,2.0
256,422,  13 Sins,2014,6.3,/title/tt2059171/,4000000.0,826913.0,-3173087.0,2014-04-11,4.0
257,423,  Honeymoon,2014,5.7,/title/tt3177316/,1000000.0,24343.0,-975657.0,2014-09-12,9.0
258,428,  Housebound,2014,6.7,/title/tt3504048/,220500.0,241347.0,20847.0,2014-09-04,9.0
259,429,  The Quiet Ones,2014,5.1,/title/tt2235779/,200000.0,17835162.0,17635162.0,2014-04-25,4.0
260,435,  A Haunted House 2,2014,4.6,/title/tt2828996/,4000000.0,25358716.0,21358716.0,2014-04-18,4.0
261,436,  Extraterrestrial,2014,5.0,/title/tt2960930/,3000000.0,71103.0,-2928897.0,2014-10-17,10.0
262,440,  It Follows,2014,6.8,/title/tt3235888/,1000000.0,21947454.0,20947454.0,2015-03-13,3.0
263,444,  Deliver Us from Evil (I),2014,6.2,/title/tt2377322/,30000000.0,87937815.0,57937815.0,2014-07-02,7.0
264,446,  The Purge: Anarchy,2014,6.4,/title/tt2975578/,9000000.0,111928365.0,102928365.0,2014-07-18,7.0
265,447,  Unfriended,2014,5.6,/title/tt3713166/,1000000.0,62882090.0,61882090.0,2015-04-17,4.0
266,448,  Kristy,2014,5.9,/title/tt2027136/,6900000.0,616506.0,-6283494.0,2015-11-05,11.0
267,450,  The Blue Elephant,2014,8.0,/title/tt3461252/,3500000.0,695436.0,-2804564.0,2014-07-28,7.0
268,453,"  As Above, So Below",2014,6.2,/title/tt2870612/,5000000.0,41898409.0,36898409.0,2014-08-29,8.0
269,458,  Wolves,2014,5.3,/title/tt1403241/,18000000.0,491154.0,-17508846.0,2014-08-28,8.0
270,463,  Tusk (I),2014,5.3,/title/tt3099498/,3000000.0,1882074.0,-1117926.0,2014-09-19,9.0
271,465,  [REC] 4: Apocalypse,2014,5.3,/title/tt1649443/,3120000.0,4915757.0,1795757.0,2014-10-31,10.0
272,466,  No Good Deed (I),2014,5.6,/title/tt2011159/,13200000.0,54323210.0,41123210.0,2014-09-12,9.0
273,474,  Annabelle (I),2014,5.4,/title/tt3322940/,6500000.0,257589721.0,251089721.0,2014-10-03,10.0
274,475,  Dracula Untold,2014,6.2,/title/tt0829150/,70000000.0,217124280.0,147124280.0,2014-10-10,10.0
275,483,  The Taking of Deborah Logan,2014,6.0,/title/tt3387648/,1500000.0,407782.0,-1092218.0,2014-10-21,10.0
276,484,  Fear Clinic,2014,4.7,/title/tt2165765/,1000000.0,106974.0,-893026.0,2015-07-09,7.0
277,485,  Ouija (II),2014,4.5,/title/tt1204977/,5000000.0,103687316.0,98687316.0,2014-10-24,10.0
278,488,  Clown,2014,5.7,/title/tt1780798/,1500000.0,4381603.0,2881603.0,2016-06-17,6.0
279,489,  The Pyramid,2014,4.6,/title/tt2799166/,6500000.0,16861137.0,10361137.0,2014-12-05,12.0
280,491,  The Woman in Black 2: Angel of Death,2014,4.8,/title/tt2339741/,15000000.0,48854305.0,33854305.0,2015-01-02,1.0
281,492,  The Atticus Institute,2015,5.5,/title/tt3280916/,1000000.0,32521.0,-967479.0,2015-01-05,1.0
282,495,  Knock Knock (I),2015,4.9,/title/tt3605418/,2500000.0,5567103.0,3067103.0,2015-10-09,10.0
283,496,  The VVitch: A New-England Folktale,2015,6.9,/title/tt4263482/,4000000.0,40423945.0,36423945.0,2016-02-19,2.0
284,497,  Ratter,2015,5.1,/title/tt3836512/,500000.0,21214.0,-478786.0,2016-02-12,2.0
285,500,  Turbo Kid,2015,6.7,/title/tt3672742/,45000.0,67069.0,22069.0,2015-08-28,8.0
286,504,  Demonic,2015,5.3,/title/tt1841642/,3000000.0,4476578.0,1476578.0,2017-10-10,10.0
287,505,  The Lazarus Effect,2015,5.2,/title/tt2918436/,3300000.0,38356892.0,35056892.0,2015-02-27,2.0
288,516,  Stung (I),2015,5.1,/title/tt3300572/,2500000.0,71085.0,-2428915.0,2015-10-29,10.0
289,520,  Tale of Tales,2015,6.4,/title/tt3278330/,12480000.0,5500277.0,-6979723.0,2016-04-22,4.0
290,521,  Area 51,2015,4.2,/title/tt1519461/,5000000.0,7556.0,-4992444.0,2015-05-15,5.0
291,522,  Green Room,2015,7.0,/title/tt4062536/,5000000.0,3769214.0,-1230786.0,2016-05-13,5.0
292,523,  Poltergeist,2015,4.9,/title/tt1029360/,35000000.0,95437994.0,60437994.0,2015-05-22,5.0
293,526,  Insidious: Chapter 3,2015,6.1,/title/tt3195644/,10000000.0,112983889.0,102983889.0,2015-06-05,6.0
294,529,  The Rezort,2015,5.3,/title/tt3923662/,6050000.0,30194.0,-6019806.0,2020-05-29,5.0
295,530,  Final Girl,2015,4.7,/title/tt2124787/,8000000.0,33411.0,-7966589.0,2015-08-14,8.0
296,531,  The Gallows,2015,4.2,/title/tt2309260/,100000.0,42964410.0,42864410.0,2015-07-10,7.0
297,537,  Extinction,2015,5.8,/title/tt3467412/,7280000.0,2350695.0,-4929305.0,2015-07-31,7.0
298,539,  The Vatican Tapes,2015,4.8,/title/tt1524575/,8000000.0,13015764.0,5015764.0,2015-07-22,7.0
299,540,  Potato Salad,2015,1.3,/title/tt4404474/,1040000.0,3020134.0,1980134.0,2015-07-23,7.0
300,543,  Howl (I),2015,5.4,/title/tt2393827/,1936000.0,477656.0,-1458344.0,2015-10-16,10.0
301,544,  Sinister 2,2015,5.3,/title/tt2752772/,10000000.0,53329150.0,43329150.0,2015-08-21,8.0
302,546,  The Visit (I),2015,6.2,/title/tt3567288/,5000000.0,98450062.0,93450062.0,2015-09-11,9.0
303,558,  Regression (I),2015,5.6,/title/tt3319920/,20000000.0,17671101.0,-2328899.0,2015-10-02,10.0
304,560,  Hotel Transylvania 2,2015,6.6,/title/tt2510894/,80000000.0,475186706.0,395186706.0,2015-09-25,9.0
305,561,  Crimson Peak,2015,6.5,/title/tt2554274/,55000000.0,74679822.0,19679822.0,2015-10-16,10.0
306,562,  Bone Tomahawk,2015,7.1,/title/tt2494362/,1800000.0,382579.0,-1417421.0,2016-02-19,2.0
307,564,  Goosebumps,2015,6.3,/title/tt1051904/,58000000.0,158261424.0,100261424.0,2015-10-16,10.0
308,565,  Martyrs,2015,4.0,/title/tt1663655/,1000000.0,397072.0,-602928.0,2016-01-22,1.0
309,568,  Paranormal Activity: The Ghost Dimension,2015,4.6,/title/tt2473510/,10000000.0,78903124.0,68903124.0,2015-10-23,10.0
310,569,  Scouts Guide to the Zombie Apocalypse,2015,6.3,/title/tt1727776/,15000000.0,16137046.0,1137046.0,2015-10-30,10.0
311,572,  Victor Frankenstein,2015,5.9,/title/tt1976009/,65000000.0,34227298.0,-30772702.0,2015-11-25,11.0
312,573,  Krampus (I),2015,6.2,/title/tt3850590/,15000000.0,61548707.0,46548707.0,2015-12-04,12.0
313,575,  Friend Request,2016,5.2,/title/tt3352390/,9900000.0,10975390.0,1075390.0,2017-09-22,9.0
314,576,  The Forest (I),2016,4.8,/title/tt3387542/,10000000.0,39712000.0,29712000.0,2016-01-08,1.0
315,578,  The Boy,2016,6.0,/title/tt3882082/,10000000.0,73929392.0,63929392.0,2016-01-22,1.0
316,579,  Pride and Prejudice and Zombies,2016,5.8,/title/tt1374989/,28000000.0,16457494.0,-11542506.0,2016-02-05,2.0
317,584,  31,2016,5.1,/title/tt3835080/,1500000.0,850419.0,-649581.0,2016-09-16,9.0
318,585,  Yoga Hosers,2016,4.2,/title/tt3838992/,5000000.0,36585.0,-4963415.0,2016-09-02,9.0
319,591,  10 Cloverfield Lane,2016,7.2,/title/tt1179933/,15000000.0,110216998.0,95216998.0,2016-03-11,3.0
320,593,  Don't Breathe,2016,7.1,/title/tt4160708/,9900000.0,157761002.0,147861002.0,2016-08-26,8.0
321,596,  I Am Not a Serial Killer,2016,6.2,/title/tt4303340/,1304648.8,21148.0,-1283500.8,2016-08-26,8.0
322,597,  Meet the Blacks,2016,4.8,/title/tt4191580/,900000.0,9097072.0,8197072.0,2016-04-01,4.0
323,603,  Daylight's End,2016,5.4,/title/tt3007132/,2000000.0,11257.0,-1988743.0,2016-09-23,9.0
324,605,  The Wailing,2016,7.4,/title/tt5215952/,6420000.0,49851770.0,43431770.0,2016-06-03,6.0
325,606,  The Darkness (I),2016,4.5,/title/tt1878841/,4000000.0,10898293.0,6898293.0,2016-05-13,5.0
326,608,  The Conjuring 2,2016,7.3,/title/tt3065204/,40000000.0,321834351.0,281834351.0,2016-06-10,6.0
327,609,  Train to Busan,2016,7.6,/title/tt5700672/,7500000.0,92764199.0,85264199.0,2016-07-20,7.0
328,610,  Raw,2016,7.0,/title/tt4954522/,3640000.0,3096815.0,-543185.0,2017-03-15,3.0
329,613,  The Neon Demon,2016,6.1,/title/tt1974419/,7000000.0,3073700.0,-3926300.0,2016-06-24,6.0
330,615,  Lights Out (II),2016,6.3,/title/tt4786282/,4900000.0,148868835.0,143968835.0,2016-07-22,7.0
331,616,  The Shallows,2016,6.3,/title/tt4052882/,17000000.0,119100758.0,102100758.0,2016-06-24,6.0
332,617,  The Purge: Election Year,2016,6.0,/title/tt4094724/,10000000.0,118587880.0,108587880.0,2016-07-01,7.0
333,623,  The Girl with All the Gifts,2016,6.6,/title/tt4547056/,4840000.0,4086096.0,-753904.0,2017-01-26,1.0
334,624,  Killing Ground,2016,5.8,/title/tt4728386/,884000.0000000001,80051.0,-803949.0000000001,2017-07-21,7.0
335,625,  The Neighbor (II),2016,5.8,/title/tt3330764/,1500000.0,164348.0,-1335652.0,2016-09-16,9.0
336,629,  Morgan,2016,5.8,/title/tt4520364/,8000000.0,8809407.0,809407.0,2016-09-02,9.0
337,630,  Prevenge,2016,6.0,/title/tt5154288/,96800.0,103885.0,7085.0,2017-03-24,3.0
338,631,  The Bad Batch,2016,5.2,/title/tt4334266/,6000000.0,201890.0,-5798110.0,2017-06-23,6.0
339,632,  The Disappointments Room,2016,3.9,/title/tt2364897/,15000000.0,5745040.0,-9254960.0,2016-09-09,9.0
340,634,  The Belko Experiment,2016,6.1,/title/tt1082807/,5000000.0,11084630.0,6084630.0,2017-03-17,3.0
341,636,  Blair Witch,2016,5.0,/title/tt1540011/,5000000.0,45173154.0,40173154.0,2016-09-16,9.0
342,642,  Split (IX),2016,7.3,/title/tt4972582/,9000000.0,278454417.0,269454417.0,2017-01-20,1.0
343,643,  The Monster,2016,5.4,/title/tt3976144/,2700000.0,74700.0,-2625300.0,2016-10-06,10.0
344,647,  Strangled,2016,7.0,/title/tt4975280/,1785650.0,208999.0,-1576651.0,2016-11-10,11.0
345,650,  Ouija: Origin of Evil,2016,6.2,/title/tt4361050/,9000000.0,81705746.0,72705746.0,2016-10-21,10.0
346,651,  Boo! A Madea Halloween,2016,4.6,/title/tt5325452/,20000000.0,74827344.0,54827344.0,2016-10-21,10.0
347,653,  Shut In (I),2016,4.8,/title/tt2582500/,10000000.0,13082071.0,3082071.0,2016-11-11,11.0
348,654,  Underworld: Blood Wars,2016,5.7,/title/tt3717252/,35000000.0,81093313.0,46093313.0,2017-01-06,1.0
349,655,  Incarnate,2016,5.2,/title/tt3216348/,5000000.0,9037058.0,4037058.0,2016-12-02,12.0
350,656,  A Cure for Wellness,2016,6.4,/title/tt4731136/,40000000.0,26620002.0,-13379998.0,2017-02-17,2.0
351,657,  Resident Evil: The Final Chapter,2016,5.5,/title/tt2592614/,40000000.0,312242626.0,272242626.0,2017-01-27,1.0
352,658,  The Bye Bye Man,2017,4.3,/title/tt4030600/,7400000.0,29874280.0,22474280.0,2017-01-13,1.0
353,663,  Get Out (I),2017,7.7,/title/tt5052448/,4500000.0,255745157.0,251245157.0,2017-02-24,2.0
354,665,  Rings,2017,4.5,/title/tt0498381/,25000000.0,83080890.0,58080890.0,2017-02-03,2.0
355,666,  November,2017,7.2,/title/tt6164502/,1508000.0,19084.0,-1488916.0,2018-02-23,2.0
356,667,  The Bar,2017,6.3,/title/tt5121816/,5339617.92,3662671.0,-1676946.92,2017-03-24,3.0
357,671,  Life (I),2017,6.6,/title/tt5442430/,58000000.0,100541806.0,42541806.0,2017-03-24,3.0
358,674,  Phoenix Forgotten,2017,5.3,/title/tt6574272/,2800000.0,3697729.0,897729.0,2017-04-21,4.0
359,677,  It Comes at Night,2017,6.2,/title/tt4695012/,5000000.0,19735344.0,14735344.0,2017-06-09,6.0
360,678,  Alien: Covenant,2017,6.4,/title/tt2316204/,97000000.0,240891763.0,143891763.0,2017-05-19,5.0
361,680,  The Mummy,2017,5.4,/title/tt2345759/,125000000.0,409231607.0,284231607.0,2017-06-09,6.0
362,682,  47 Meters Down,2017,5.6,/title/tt2932536/,5300000.0,62198461.0,56898461.0,2017-06-16,6.0
363,687,  Annabelle: Creation,2017,6.5,/title/tt5140878/,15000000.0,306515884.0,291515884.0,2017-08-11,8.0
364,692,  Hostile (I),2017,5.4,/title/tt5085522/,1000000.0,385428.0,-614572.0,2018-09-07,9.0
365,693,  Wish Upon,2017,5.0,/title/tt5322012/,12000000.0,23468586.0,11468586.0,2017-07-14,7.0
366,697,  Thelma,2017,7.0,/title/tt6304046/,4750000.0,1463727.0,-3286273.0,2017-09-15,9.0
367,703,  The Vault (I),2017,4.8,/title/tt1785635/,5000000.0,346729.0,-4653271.0,2017-09-01,9.0
368,706,  It (I),2017,7.3,/title/tt1396484/,35000000.0,701842551.0,666842551.0,2017-09-08,9.0
369,707,  Mother!,2017,6.6,/title/tt5109784/,30000000.0,44516999.0,14516999.0,2017-09-15,9.0
370,708,  Ravenous,2017,5.8,/title/tt6243140/,2775000.0,41026.0,-2733974.0,2018-03-02,3.0
371,712,  Mom and Dad,2017,5.5,/title/tt5462326/,7000000.0,165962.0,-6834038.0,2018-03-09,3.0
372,713,  Cold Skin,2017,6.0,/title/tt1034385/,8840000.0,737478.0,-8102522.0,2018-09-07,9.0
373,715,  Revenge (II),2017,6.4,/title/tt6738136/,3000000.0,938055.0,-2061945.0,2018-05-11,5.0
374,717,  Marrowbone,2017,6.7,/title/tt5886440/,8320000.0,12294931.0,3974931.0,2018-04-13,4.0
375,719,  Satan's Slaves,2017,6.5,/title/tt7076834/,127779.612,431730.0,303950.388,2017-09-28,9.0
376,725,  Tigers Are Not Afraid,2017,6.9,/title/tt4823434/,1343664.0,576598.0,-767066.0,2019-12-03,12.0
377,726,  Flatliners,2017,5.2,/title/tt2039338/,19000000.0,45158254.0,26158254.0,2017-09-29,9.0
378,727,  Jeepers Creepers III,2017,3.9,/title/tt1139592/,6200000.0,4017852.0,-2182148.0,2017-11-02,11.0
379,731,  Happy Death Day,2017,6.6,/title/tt5308322/,4800000.0,125479266.0,120679266.0,2017-10-13,10.0
380,735,  The Super,2017,5.5,/title/tt5884784/,2300000.0,19513.0,-2280487.0,2018-10-19,10.0
381,737,  Jigsaw (I),2017,5.7,/title/tt3348730/,10000000.0,102952888.0,92952888.0,2017-10-27,10.0
382,739,  One Cut of the Dead,2017,7.6,/title/tt7914416/,0.0,27590180.0,27590180.0,2019-09-24,9.0
383,741,  Day of the Dead: Bloodline,2017,3.4,/title/tt3053228/,8000000.0,277922.0,-7722078.0,2018-01-05,1.0
384,742,  Insidious: The Last Key,2018,5.7,/title/tt5726086/,10000000.0,167885588.0,157885588.0,2018-01-05,1.0
385,745,  The Night Eats the World,2018,6.0,/title/tt4266076/,3109600.0,95208.0,-3014392.0,2018-07-13,7.0
386,747,  Mandy (I),2018,6.5,/title/tt6998518/,6000000.0,1653784.0,-4346216.0,2018-09-14,9.0
387,750,  Assassination Nation,2018,6.0,/title/tt6205872/,7000000.0,2584988.0,-4415012.0,2018-09-21,9.0
388,751,  Searching (III),2018,7.6,/title/tt7668870/,880000.0,75462037.0,74582037.0,2018-08-31,8.0
389,752,  Hereditary,2018,7.3,/title/tt7784604/,10000000.0,82530552.0,72530552.0,2018-06-08,6.0
390,755,  Winchester,2018,5.4,/title/tt1072748/,3500000.0,44019588.0,40519588.0,2018-02-02,2.0
391,759,  Annihilation (I),2018,6.8,/title/tt2798920/,40000000.0,43070915.0,3070915.0,2018-02-23,2.0
392,760,  Unsane,2018,6.4,/title/tt7153766/,1500000.0,14293601.0,12793601.0,2018-03-23,3.0
393,762,  The Strangers: Prey at Night,2018,5.2,/title/tt1285009/,5000000.0,31039126.0,26039126.0,2018-03-09,3.0
394,763,  Unfriended: Dark Web,2018,6.0,/title/tt4761916/,1000000.0,16024987.0,15024987.0,2018-07-20,7.0
395,764,  A Quiet Place,2018,7.5,/title/tt6644200/,17000000.0,340952971.0,323952971.0,2018-04-06,4.0
396,768,  Blood Fest,2018,5.4,/title/tt7208564/,1200000.0,122833.0,-1077167.0,2018-08-31,8.0
397,769,  Pacific Rim: Uprising,2018,5.6,/title/tt2557478/,150000000.0,290930148.0,140930148.0,2018-03-23,3.0
398,770,  Acrimony,2018,5.8,/title/tt6063050/,20000000.0,46403669.0,26403669.0,2018-03-30,3.0
399,774,  Truth or Dare (I),2018,5.2,/title/tt6772950/,3500000.0,95330710.0,91830710.0,2018-04-13,4.0
400,778,  Climax (I),2018,6.9,/title/tt8359848/,2704000.0,1697108.0,-1006892.0,2018-09-19,9.0
401,779,  The House That Jack Built,2018,6.8,/title/tt4003440/,9048000.0,3081913.0,-5966087.0,2018-10-17,10.0
402,780,  Hotel Transylvania 3: Summer Vacation,2018,6.3,/title/tt5220122/,80000000.0,528583774.0,448583774.0,2018-07-13,7.0
403,781,  Office Uprising,2018,5.8,/title/tt6251024/,2500000.0,165623.0,-2334377.0,2018-06-19,6.0
404,784,  The Domestics,2018,5.7,/title/tt5591666/,10600000.0,59766.0,-10540234.0,2018-06-29,6.0
405,785,  The First Purge,2018,5.2,/title/tt6133466/,13000000.0,137056262.0,124056262.0,2018-07-04,7.0
406,790,  The Meg,2018,5.6,/title/tt4779682/,130000000.0,530517320.0,400517320.0,2018-08-10,8.0
407,791,  Slender Man,2018,3.2,/title/tt5690360/,10000000.0,51738549.0,41738549.0,2018-08-10,8.0
408,793,  Mara (I),2018,5.1,/title/tt1773753/,5000000.0,661769.0,-4338231.0,2018-09-07,9.0
409,799,  Suspiria (I),2018,6.7,/title/tt1034415/,20000000.0,7942093.0,-12057907.0,2018-11-02,11.0
410,800,  The Nun,2018,5.3,/title/tt5814060/,22000000.0,365582797.0,343582797.0,2018-09-07,9.0
411,801,  Mutant Blast,2018,6.2,/title/tt3064338/,83200.0,5498.0,-77702.0,2020-04-03,4.0
412,802,  Gwen (II),2018,6.0,/title/tt5149490/,2420000.0,47140.0,-2372860.0,2019-08-16,8.0
413,803,  Halloween (I),2018,6.5,/title/tt1502407/,10000000.0,259939835.0,249939835.0,2018-10-19,10.0
414,804,  High Life,2018,5.8,/title/tt4827558/,8320000.0,2133033.0,-6186967.0,2019-04-12,4.0
415,812,  Overlord,2018,6.6,/title/tt4530422/,38000000.0,41657844.0,3657844.0,2018-11-09,11.0
416,815,  Hell Fest,2018,5.5,/title/tt1999890/,5500000.0,18160930.0,12660930.0,2018-09-28,9.0
417,821,  The Head Hunter,2018,5.4,/title/tt6469548/,30000.0,380448.0,350448.0,2019-04-05,4.0
418,824,  Goosebumps 2: Haunted Halloween,2018,5.6,/title/tt5664636/,35000000.0,93320380.0,58320380.0,2018-10-12,10.0
419,829,  The Possession of Hannah Grace,2018,5.2,/title/tt5734576/,7700000.0,43016528.0,35316528.0,2018-11-30,11.0
420,831,  Escape Room (I),2019,6.4,/title/tt5886046/,9000000.0,155712077.0,146712077.0,2019-01-04,1.0
421,832,  Glass,2019,6.6,/title/tt6823368/,20000000.0,246999039.0,226999039.0,2019-01-18,1.0
422,838,  Don't Let Go,2019,6.3,/title/tt6803212/,5000000.0,5288011.0,288011.0,2019-08-30,8.0
423,842,  The Prodigy,2019,5.9,/title/tt4504044/,6000000.0,21127789.0,15127789.0,2019-02-08,2.0
424,843,  Happy Death Day 2U,2019,6.2,/title/tt8155288/,9000000.0,64600152.0,55600152.0,2019-02-13,2.0
425,845,  Us (II),2019,6.8,/title/tt6857112/,20000000.0,256067149.0,236067149.0,2019-03-22,3.0
426,851,  I See You (II),2019,6.8,/title/tt6079516/,3000000.0,1194369.0,-1805631.0,2019-12-10,12.0
427,852,  Ready or Not (I),2019,6.8,/title/tt7798634/,6000000.0,57615777.0,51615777.0,2019-08-21,8.0
428,853,  The Curse of La Llorona,2019,5.2,/title/tt4913966/,9000000.0,123133739.0,114133739.0,2019-04-19,4.0
429,854,  Captive State,2019,6.0,/title/tt5968394/,25000000.0,8808611.0,-16191389.0,2019-03-15,3.0
430,855,  Pet Sematary,2019,5.7,/title/tt0837563/,21000000.0,113118226.0,92118226.0,2019-04-05,4.0
431,857,  Hellboy,2019,5.2,/title/tt2274648/,50000000.0,55065289.0,5065289.0,2019-04-12,4.0
432,860,  The Room,2019,6.0,/title/tt8485364/,4160000.0,44291.0,-4115709.0,2019-11-06,11.0
433,864,  The Intruder (I),2019,5.6,/title/tt6722030/,8000000.0,36599361.0,28599361.0,2019-05-03,5.0
434,865,  Brightburn,2019,6.1,/title/tt7752126/,6000000.0,33224654.0,27224654.0,2019-05-24,5.0
435,868,  Le daim,2019,6.6,/title/tt8193790/,4160000.0,1686700.0,-2473300.0,2020-05-01,5.0
436,870,  Vivarium,2019,5.8,/title/tt8368406/,4000000.0,487625.0,-3512375.0,2020-03-27,3.0
437,871,  The Lighthouse (I),2019,7.4,/title/tt7984734/,11000000.0,18150235.0,7150235.0,2019-11-01,11.0
438,873,  Ma (I),2019,5.6,/title/tt7958736/,5000000.0,61220856.0,56220856.0,2019-05-31,5.0
439,875,  Annabelle Comes Home,2019,5.9,/title/tt8350360/,30000000.0,231252591.0,201252591.0,2019-06-26,6.0
440,876,  Child's Play,2019,5.7,/title/tt8663516/,10000000.0,44907074.0,34907074.0,2019-06-21,6.0
441,877,  Midsommar,2019,7.1,/title/tt8772262/,9000000.0,47968908.0,38968908.0,2019-07-03,7.0
442,878,  Crawl (I),2019,6.1,/title/tt8364368/,13500000.0,91542097.0,78042097.0,2019-07-12,7.0
443,880,  The Wretched,2019,5.8,/title/tt8305806/,1200000.0,4369493.0,3169493.0,2020-05-01,5.0
444,883,  Scary Stories to Tell in the Dark,2019,6.2,/title/tt3387520/,25000000.0,104545505.0,79545505.0,2019-08-09,8.0
445,884,  Haunt (I),2019,6.3,/title/tt6535880/,5000000.0,2243353.0,-2756647.0,2019-09-13,9.0
446,886,  47 Meters Down: Uncaged,2019,5.0,/title/tt7329656/,12000000.0,47582563.0,35582563.0,2019-08-16,8.0
447,888,  It Chapter Two,2019,6.5,/title/tt7349950/,79000000.0,473122525.0,394122525.0,2019-09-06,9.0
448,893,  Color Out of Space,2019,6.2,/title/tt5073642/,6000000.0,1023510.0,-4976490.0,2020-02-25,2.0
449,898,  3 from Hell,2019,5.4,/title/tt8134742/,3000000.0,2295825.0,-704175.0,2019-09-16,9.0
450,902,  VFW,2019,6.1,/title/tt9894470/,1000000.0,23101.0,-976899.0,2020-02-14,2.0
451,906,  Zombieland: Double Tap,2019,6.7,/title/tt1560220/,42000000.0,122810399.0,80810399.0,2019-10-18,10.0
452,907,  The Addams Family,2019,5.8,/title/tt1620981/,24000000.0,204394183.0,180394183.0,2019-10-11,10.0
453,908,  Mermaid Down,2019,5.2,/title/tt3584496/,85000.0,116466.0,31466.0,2019-10-15,10.0
454,911,  Countdown (III),2019,5.4,/title/tt10039344/,6500000.0,48021766.0,41521766.0,2019-10-25,10.0
455,915,  Doctor Sleep,2019,7.3,/title/tt5606664/,45000000.0,72381712.0,27381712.0,2019-11-08,11.0
456,916,  Black Christmas,2019,3.5,/title/tt10481868/,5000000.0,18529730.0,13529730.0,2019-12-13,12.0
457,918,  Awoken,2019,5.1,/title/tt7838536/,1900000.0,348228.0,-1551772.0,2020-05-08,5.0
458,920,  The Grudge (I),2020,4.3,/title/tt3612126/,10000000.0,49511319.0,39511319.0,2020-01-03,1.0
459,921,  Underwater,2020,5.8,/title/tt5774060/,80000000.0,40882928.0,-39117072.0,2020-01-10,1.0
460,922,  The Turning,2020,3.9,/title/tt7510346/,14000000.0,19428166.0,5428166.0,2020-01-24,1.0
461,928,  Gretel & Hansel,2020,5.5,/title/tt9086228/,5000000.0,22304357.0,17304357.0,2020-01-31,1.0
462,929,  Fantasy Island,2020,4.9,/title/tt0983946/,7000000.0,49447308.0,42447308.0,2020-02-14,2.0
463,931,  Brahms: The Boy II,2020,4.7,/title/tt9173418/,10000000.0,20311536.0,10311536.0,2020-02-21,2.0
464,933,  The Invisible Man (I),2020,7.1,/title/tt1051906/,7000000.0,144492724.0,137492724.0,2020-02-28,2.0
465,937,  The Hunt (II),2020,6.5,/title/tt8244784/,14000000.0,10550350.0,-3449650.0,2020-03-13,3.0
466,942,  Sputnik,2020,6.4,/title/tt11905962/,3144525.65,354023.0,-2790502.65,2020-07-24,7.0
467,948,  The Rental,2020,5.7,/title/tt10003008/,3500000.0,4311042.0,811042.0,2020-07-24,7.0
468,961,  The New Mutants,2020,5.3,/title/tt4682266/,67000000.0,49169594.0,-17830406.0,2020-08-28,8.0
469,966,  The Swarm,2020,5.3,/title/tt10675724/,2912000.0,280661.0,-2631339.0,2021-08-06,8.0
470,972,  Psycho Goreman,2020,6.2,/title/tt11252440/,1125000.0,95384.0,-1029616.0,2020-09-10,9.0
471,978,  Caveat,2020,5.9,/title/tt7917178/,302500.0,78665.0,-223835.0,2021-06-05,6.0
472,981,  Freaky,2020,6.3,/title/tt10919380/,5000000.0,18073433.0,13073433.0,2020-11-13,11.0
473,984,  The Wolf of Snow Hollow,2020,6.2,/title/tt11140488/,2000000.0,266963.0,-1733037.0,2020-10-09,10.0
474,1009,  Willy's Wonderland,2021,5.5,/title/tt8114980/,5500000.0,457144.0,-5042856.0,2021-02-12,2.0
475,1014,  The Priest (I),2021,6.2,/title/tt11591306/,1342000.0,110855.0,-1231145.0,2021-03-11,3.0
476,1020,  Spiral,2021,5.2,/title/tt10342730/,20000000.0,40618920.0,20618920.0,2021-05-14,5.0
477,1022,  The Conjuring: The Devil Made Me Do It,2021,6.3,/title/tt7069210/,39000000.0,206401480.0,167401480.0,2021-06-04,6.0
478,1030,  The Forever Purge,2021,5.4,/title/tt10327252/,18000000.0,76994245.0,58994245.0,2021-07-02,7.0
479,1032,  Escape Room: Tournament of Champions,2021,5.7,/title/tt9844522/,15000000.0,65774490.0,50774490.0,2021-07-16,7.0
480,1036,  Titane,2021,6.6,/title/tt10944760/,5928000.0,4982335.0,-945665.0,2021-10-01,10.0
481,1039,  Old,2021,5.8,/title/tt10954652/,18000000.0,90146510.0,72146510.0,2021-07-23,7.0
482,1041,  Blood Red Sky,2021,6.1,/title/tt6402468/,15600000.0,401834.0,-15198166.0,2021-07-23,7.0
483,1049,  Candyman,2021,5.9,/title/tt9347730/,22000000.0,77411570.0,55411570.0,2021-08-27,8.0
484,1051,  Malignant (I),2021,6.2,/title/tt3811906/,40000000.0,34892041.0,-5107959.0,2021-09-10,9.0
485,1052,  Last Night in Soho,2021,7.1,/title/tt9639470/,43000000.0,22957625.0,-20042375.0,2021-10-29,10.0
486,1053,  Halloween Kills,2021,5.5,/title/tt10665338/,20000000.0,133423964.0,113423964.0,2021-10-15,10.0
487,1058,  The Black Phone,2021,6.9,/title/tt7144666/,18000000.0,161204742.0,143204742.0,2022-06-24,6.0
488,1067,  Resident Evil: Welcome to Raccoon City,2021,5.2,/title/tt6920084/,25000000.0,41914915.0,16914915.0,2021-11-24,11.0
489,1070,  Scream (I),2022,6.3,/title/tt11245972/,24000000.0,140041405.0,116041405.0,2022-01-14,1.0
490,1076,  Speak No Evil,2022,6.6,/title/tt14253846/,3200000.0,622930.0,-2577070.0,2022-03-17,3.0
491,1078,  Hatching,2022,6.2,/title/tt12519030/,4112551.04,503889.0,-3608662.04,2022-03-04,3.0
492,1080,  The Requin,2022,2.6,/title/tt11348232/,8500000.0,130493.0,-8369507.0,2022-01-28,1.0
493,1089,  Morbius,2022,5.2,/title/tt5108870/,75000000.0,167460961.0,92460961.0,2022-04-01,4.0
494,1091,  Doctor Strange in the Multiverse of Madness,2022,6.9,/title/tt9419884/,200000000.0,955775804.0,755775804.0,2022-05-06,5.0
495,1092,  Firestarter,2022,4.6,/title/tt1798632/,12000000.0,14889250.0,2889250.0,2022-05-12,5.0
496,1095,  Crimes of the Future,2022,5.9,/title/tt14549466/,35000000.0,4520550.0,-30479450.0,2022-06-03,6.0
497,1096,  Nope,2022,6.9,/title/tt10954984/,68000000.0,171235592.0,103235592.0,2022-07-22,7.0
498,1099,  Orphan: First Kill,2022,5.9,/title/tt11851548/,10000000.0,37083743.0,27083743.0,2022-08-19,8.0
